community_id,year_in_program,ngo_id,tribe_id,N_indiv,time,arm,tau_strata,D,u_comm_p,e_ar,Y,outcome,u_comm_v
1,3,6,5,93,1,control,0,0,0,1.9552939645148167e-8,35.00000068435289,soc_outcome,NA
1,3,6,5,93,6,control,0,0,0,-9.031959396585161e-10,34.999999968388146,soc_outcome,NA
1,3,6,5,93,12,control,0,0,0,2.145388266292163e-9,35.000000075088586,soc_outcome,NA
2,1,2,3,96,1,control,0,0,0,-7.385277043703095e-9,34.9999997415153,soc_outcome,NA
2,1,2,3,96,6,control,0,0,0,-5.743886897632697e-9,34.99999979896396,soc_outcome,NA
2,1,2,3,96,12,control,0,0,0,-1.3170161323052419e-08,34.999999539044346,soc_outcome,NA
3,2,5,5,112,1,control,0,0,0,-1.829253882812646e-9,34.9999999359761,soc_outcome,NA
3,2,5,5,112,6,control,0,0,0,4.1898240492446385e-9,35.000000146643835,soc_outcome,NA
3,2,5,5,112,12,control,0,0,0,3.2430434416138e-9,35.00000011350652,soc_outcome,NA
4,2,6,2,104,1,control,0,0,0,-7.815364866639832e-9,34.99999972646223,soc_outcome,NA
4,2,6,2,104,6,control,0,0,0,-7.886219708540015e-9,34.999999723982306,soc_outcome,NA
4,2,6,2,104,12,control,0,0,0,-5.021987183428608e-9,34.99999982423044,soc_outcome,NA
5,3,6,4,104,1,T1,0,1,0,1.49606066909832e-8,49.00000073306972,soc_outcome,NA
5,3,6,4,104,6,T1,0,1,0,-1.137303620665745e-8,48.99999944272122,soc_outcome,NA
5,3,6,4,104,12,T1,0,1,0,-1.7905159438019844e-9,48.99999991226472,soc_outcome,NA
6,3,2,4,101,1,T1,0,1,0,1.9023618207277462e-8,49.00000093215729,soc_outcome,NA
6,3,2,4,101,6,T1,0,1,0,-1.009748853288084e-9,48.9999999505223,soc_outcome,NA
6,3,2,4,101,12,T1,0,1,0,-1.3598407038213937e-8,48.99999933367806,soc_outcome,NA
7,1,3,2,94,1,control,0,0,0,-6.647694349416774e-9,34.99999976733069,soc_outcome,NA
7,1,3,2,94,6,control,0,0,0,4.8545997890487814e-9,35.00000016991099,soc_outcome,NA
7,1,3,2,94,12,control,0,0,0,-3.756028716697735e-9,34.999999868538985,soc_outcome,NA
8,1,1,5,118,1,control,0,0,0,-5.618763632688448e-9,34.999999803343265,soc_outcome,NA
8,1,1,5,118,6,control,0,0,0,-3.4391723412845928e-9,34.99999987962896,soc_outcome,NA
8,1,1,5,118,12,control,0,0,0,9.049664713922118e-10,35.000000031673814,soc_outcome,NA
9,3,6,3,105,1,T1,0,1,0,1.5985087703465715e-8,49.00000078326931,soc_outcome,NA
9,3,6,3,105,6,T1,0,1,0,-8.856511213888397e-10,48.99999995660309,soc_outcome,NA
9,3,6,3,105,12,T1,0,1,0,1.0807994961515172e-8,49.000000529591745,soc_outcome,NA
10,3,3,4,80,1,T1,0,1,0,6.307541153351895e-9,49.00000030906951,soc_outcome,NA
10,3,3,4,80,6,T1,0,1,0,-1.1363989550614067e-9,48.99999994431644,soc_outcome,NA
10,3,3,4,80,12,T1,0,1,0,-1.5329020028905983e-8,48.99999924887803,soc_outcome,NA
11,2,2,2,107,1,T1,0,1,0,-5.211173172919614e-9,48.999999744652506,soc_outcome,NA
11,2,2,2,107,6,T1,0,1,0,-4.898704531384743e-9,48.99999975996347,soc_outcome,NA
11,2,2,2,107,12,T1,0,1,0,4.715443276152724e-10,49.000000023105656,soc_outcome,NA
12,3,4,1,95,1,control,0,0,0,1.3001986770167212e-8,35.000000455069525,soc_outcome,NA
12,3,4,1,95,6,control,0,0,0,2.293078973831094e-8,35.000000802577645,soc_outcome,NA
12,3,4,1,95,12,control,0,0,0,1.5475810589837694e-8,35.000000541653364,soc_outcome,NA
13,3,2,4,89,1,control,0,0,0,-1.3315096426236899e-9,34.99999995339716,soc_outcome,NA
13,3,2,4,89,6,control,0,0,0,-1.7565273955576375e-8,34.9999993852154,soc_outcome,NA
13,3,2,4,89,12,control,0,0,0,-3.887798640717435e-9,34.999999863927044,soc_outcome,NA
14,2,1,1,98,1,control,0,0,0,8.920722302869093e-10,35.00000003122252,soc_outcome,NA
14,2,1,1,98,6,control,0,0,0,8.45013004067436e-9,35.000000295754546,soc_outcome,NA
14,2,1,1,98,12,control,0,0,0,9.625279684842711e-9,35.00000033688478,soc_outcome,NA
15,2,6,3,90,1,T1,0,1,0,6.843094290743098e-9,49.000000335311604,soc_outcome,NA
15,2,6,3,90,6,T1,0,1,0,-1.3952743497994676e-8,48.999999316315574,soc_outcome,NA
15,2,6,3,90,12,T1,0,1,0,8.496430456333551e-9,49.0000004163251,soc_outcome,NA
16,2,6,4,93,1,control,0,0,0,-4.465572162039436e-9,34.99999984370496,soc_outcome,NA
16,2,6,4,93,6,control,0,0,0,1.7480270016125568e-9,35.00000006118094,soc_outcome,NA
16,2,6,4,93,12,control,0,0,0,7.455117717373457e-10,35.0000000260929,soc_outcome,NA
17,2,1,5,94,1,T1,0,1,0,4.281667647564221e-9,49.0000002098017,soc_outcome,NA
17,2,1,5,94,6,T1,0,1,0,2.467498282613994e-10,49.00000001209073,soc_outcome,NA
17,2,1,5,94,12,T1,0,1,0,-1.6674750975856628e-8,48.9999991829372,soc_outcome,NA
18,2,4,4,83,1,control,0,0,0,7.3649596440519416e-9,35.000000257773586,soc_outcome,NA
18,2,4,4,83,6,control,0,0,0,3.860265683496758e-9,35.0000001351093,soc_outcome,NA
18,2,4,4,83,12,control,0,0,0,-2.6565162527822235e-9,34.99999990702192,soc_outcome,NA
19,1,4,5,108,1,T1,0,1,0,1.1814451098760842e-9,49.00000005789081,soc_outcome,NA
19,1,4,5,108,6,T1,0,1,0,1.3403864536846335e-9,49.00000006567893,soc_outcome,NA
19,1,4,5,108,12,T1,0,1,0,2.210194685610021e-9,49.00000010829953,soc_outcome,NA
20,3,4,4,102,1,T1,0,1,0,1.6408461651570627e-8,49.000000804014626,soc_outcome,NA
20,3,4,4,102,6,T1,0,1,0,-2.1905037893347586e-9,48.99999989266531,soc_outcome,NA
20,3,4,4,102,12,T1,0,1,0,1.6806538388465753e-9,49.00000008235203,soc_outcome,NA
21,2,3,5,89,1,T1,0,1,0,1.1683838724849009e-8,49.0000005725081,soc_outcome,NA
21,2,3,5,89,6,T1,0,1,0,1.0541810233769192e-8,49.00000051654869,soc_outcome,NA
21,2,3,5,89,12,T1,0,1,0,1.1452631103803575e-8,49.00000056117893,soc_outcome,NA
22,1,3,5,113,1,control,0,0,0,-5.7746800077082275e-9,34.9999997978862,soc_outcome,NA
22,1,3,5,113,6,control,0,0,0,2.0024827302928294e-8,35.00000070086895,soc_outcome,NA
22,1,3,5,113,12,control,0,0,0,6.670087093018297e-10,35.0000000233453,soc_outcome,NA
23,3,4,2,104,1,control,0,0,0,1.8668518437734364e-8,35.00000065339814,soc_outcome,NA
23,3,4,2,104,6,control,0,0,0,-1.3509026860307117e-8,34.99999952718406,soc_outcome,NA
23,3,4,2,104,12,control,0,0,0,2.0983586354237482e-10,35.00000000734424,soc_outcome,NA
24,3,3,5,97,1,control,0,0,0,1.2499145703442584e-8,35.0000004374701,soc_outcome,NA
24,3,3,5,97,6,control,0,0,0,-7.152421872227963e-9,34.999999749665236,soc_outcome,NA
24,3,3,5,97,12,control,0,0,0,-7.52688968217742e-9,34.999999736558856,soc_outcome,NA
25,1,6,1,109,1,T1,0,1,0,-9.385387031376245e-9,48.99999954011602,soc_outcome,NA
25,1,6,1,109,6,T1,0,1,0,-1.0525132793387367e-8,48.99999948426849,soc_outcome,NA
25,1,6,1,109,12,T1,0,1,0,-4.371595331803989e-9,48.999999785791815,soc_outcome,NA
26,2,3,2,109,1,T1,0,1,0,3.3117917279339227e-9,49.000000162277786,soc_outcome,NA
26,2,3,2,109,6,T1,0,1,0,-2.01421049792072e-8,48.99999901303686,soc_outcome,NA
26,2,3,2,109,12,T1,0,1,0,2.119804333722918e-9,49.000000103870406,soc_outcome,NA
27,2,6,5,108,1,T1,0,1,0,1.2366750457982328e-8,49.00000060597076,soc_outcome,NA
27,2,6,5,108,6,T1,0,1,0,2.0375740182404353e-8,49.000000998411274,soc_outcome,NA
27,2,6,5,108,12,T1,0,1,0,1.3011759922005872e-8,49.00000063757624,soc_outcome,NA
28,1,3,4,107,1,T1,0,1,0,7.56774763417574e-9,49.000000370819635,soc_outcome,NA
28,1,3,4,107,6,T1,0,1,0,-1.72673039911433e-8,48.9999991539021,soc_outcome,NA
28,1,3,4,107,12,T1,0,1,0,-6.0150670800678195e-9,48.99999970526171,soc_outcome,NA
29,1,2,3,106,1,T1,0,1,0,-3.520464564065936e-9,48.99999982749724,soc_outcome,NA
29,1,2,3,106,6,T1,0,1,0,7.0352390275689445e-9,49.00000034472671,soc_outcome,NA
29,1,2,3,106,12,T1,0,1,0,-1.0567133400377448e-9,48.99999994822104,soc_outcome,NA
30,1,6,5,99,1,T1,0,1,0,-1.2586486274308475e-8,48.99999938326218,soc_outcome,NA
30,1,6,5,99,6,T1,0,1,0,1.6844357080941148e-8,49.00000082537349,soc_outcome,NA
30,1,6,5,99,12,T1,0,1,0,9.113912917959626e-9,49.000000446581716,soc_outcome,NA
31,1,5,1,97,1,control,0,0,0,2.374302723723106e-9,35.00000008310058,soc_outcome,NA
31,1,5,1,97,6,control,0,0,0,1.2181086103258115e-8,35.000000426338005,soc_outcome,NA
31,1,5,1,97,12,control,0,0,0,-1.3387742872349724e-8,34.999999531429,soc_outcome,NA
32,3,6,5,96,1,control,0,0,0,6.6082029745939016e-9,35.000000231287096,soc_outcome,NA
32,3,6,5,96,6,control,0,0,0,-5.229123763134219e-9,34.99999981698066,soc_outcome,NA
32,3,6,5,96,12,control,0,0,0,6.8374552185071246e-9,35.00000023931092,soc_outcome,NA
33,3,2,5,93,1,control,0,0,0,-6.082195462966325e-10,34.9999999787123,soc_outcome,NA
33,3,2,5,93,6,control,0,0,0,6.329607130314508e-9,35.00000022153624,soc_outcome,NA
33,3,2,5,93,12,control,0,0,0,1.335517615059392e-8,35.00000046743116,soc_outcome,NA
34,3,5,4,98,1,T1,0,1,0,7.29009031325375e-11,49.00000000357213,soc_outcome,NA
34,3,5,4,98,6,T1,0,1,0,1.0175586369520924e-8,49.00000049860372,soc_outcome,NA
34,3,5,4,98,12,T1,0,1,0,-1.188434035147979e-8,48.999999417667325,soc_outcome,NA
35,2,2,2,87,1,control,0,0,0,-7.21604440075213e-9,34.999999747438444,soc_outcome,NA
35,2,2,2,87,6,control,0,0,0,1.519217711388178e-8,35.0000005317262,soc_outcome,NA
35,2,2,2,87,12,control,0,0,0,3.773879730239293e-9,35.00000013208579,soc_outcome,NA
36,2,1,3,122,1,control,0,0,0,-2.0522228194076182e-8,34.99999928172201,soc_outcome,NA
36,2,1,3,122,6,control,0,0,0,-1.3640374520823753e-8,34.99999952258688,soc_outcome,NA
36,2,1,3,122,12,control,0,0,0,-2.007810155891212e-9,34.999999929726634,soc_outcome,NA
37,2,3,3,112,1,control,0,0,0,8.657794039015983e-9,35.00000030302279,soc_outcome,NA
37,2,3,3,112,6,control,0,0,0,-1.0188325571522247e-9,34.99999996434085,soc_outcome,NA
37,2,3,3,112,12,control,0,0,0,6.241874720206527e-9,35.00000021846561,soc_outcome,NA
38,3,3,2,89,1,control,0,0,0,9.590053773083226e-9,35.000000335651876,soc_outcome,NA
38,3,3,2,89,6,control,0,0,0,1.6710548288629393e-8,35.0000005848692,soc_outcome,NA
38,3,3,2,89,12,control,0,0,0,5.601673327496193e-10,35.00000001960586,soc_outcome,NA
39,2,1,4,96,1,control,0,0,0,-5.198190615490802e-10,34.99999998180633,soc_outcome,NA
39,2,1,4,96,6,control,0,0,0,-1.7532373591422697e-8,34.999999386366916,soc_outcome,NA
39,2,1,4,96,12,control,0,0,0,9.93275940878275e-10,35.00000003476466,soc_outcome,NA
40,2,4,5,95,1,control,0,0,0,-5.718500576096382e-9,34.99999979985247,soc_outcome,NA
40,2,4,5,95,6,control,0,0,0,-9.740095828040912e-9,34.999999659096645,soc_outcome,NA
40,2,4,5,95,12,control,0,0,0,-1.7990623104754032e-9,34.99999993703282,soc_outcome,NA
41,2,1,4,108,1,T1,0,1,0,1.0149431722361859e-8,49.00000049732214,soc_outcome,NA
41,2,1,4,108,6,T1,0,1,0,-1.9927484886885823e-8,48.99999902355324,soc_outcome,NA
41,2,1,4,108,12,T1,0,1,0,-4.272792872054287e-9,48.99999979063315,soc_outcome,NA
42,1,3,3,99,1,T1,0,1,0,1.1663728352438778e-9,49.000000057152256,soc_outcome,NA
42,1,3,3,99,6,T1,0,1,0,-8.93207570054953e-9,48.99999956232829,soc_outcome,NA
42,1,3,3,99,12,T1,0,1,0,3.339029424992251e-9,49.00000016361244,soc_outcome,NA
43,2,4,5,103,1,T1,0,1,0,4.114299204100157e-9,49.00000020160065,soc_outcome,NA
43,2,4,5,103,6,T1,0,1,0,-3.3036159275991746e-10,48.99999998381228,soc_outcome,NA
43,2,4,5,103,12,T1,0,1,0,-2.4658981937600274e-8,48.99999879170989,soc_outcome,NA
44,2,1,3,100,1,T1,0,1,0,2.5714581445809085e-8,49.00000126001451,soc_outcome,NA
44,2,1,3,100,6,T1,0,1,0,-2.052992574681995e-9,48.99999989940336,soc_outcome,NA
44,2,1,3,100,12,T1,0,1,0,6.511932815876704e-9,49.0000003190847,soc_outcome,NA
45,3,5,5,100,1,control,0,0,0,2.7376649089966473e-9,35.00000009581826,soc_outcome,NA
45,3,5,5,100,6,control,0,0,0,1.0246732348183504e-8,35.00000035863563,soc_outcome,NA
45,3,5,5,100,12,control,0,0,0,8.17659446374088e-9,35.0000002861808,soc_outcome,NA
46,1,3,1,114,1,T1,0,1,0,-2.0979317112361205e-9,48.99999989720134,soc_outcome,NA
46,1,3,1,114,6,T1,0,1,0,3.78167772208507e-9,49.0000001853022,soc_outcome,NA
46,1,3,1,114,12,T1,0,1,0,-9.45408831123893e-9,48.99999953674968,soc_outcome,NA
47,3,3,2,98,1,T1,0,1,0,8.56923010470857e-9,49.000000419892274,soc_outcome,NA
47,3,3,2,98,6,T1,0,1,0,-4.610383388843541e-9,48.999999774091215,soc_outcome,NA
47,3,3,2,98,12,T1,0,1,0,2.4167733537882107e-8,49.00000118421895,soc_outcome,NA
48,1,3,5,115,1,T1,0,1,0,-1.651048894862663e-8,48.99999919098604,soc_outcome,NA
48,1,3,5,115,6,T1,0,1,0,-4.6398724296601494e-9,48.99999977264624,soc_outcome,NA
48,1,3,5,115,12,T1,0,1,0,8.253798627592425e-9,49.00000040443612,soc_outcome,NA
49,2,1,2,85,1,T1,0,1,0,5.101325466235972e-9,49.00000024996495,soc_outcome,NA
49,2,1,2,85,6,T1,0,1,0,-5.894810385150004e-9,48.99999971115428,soc_outcome,NA
49,2,1,2,85,12,T1,0,1,0,-9.967807422075224e-9,48.99999951157743,soc_outcome,NA
50,1,2,2,106,1,T1,0,1,0,1.444757046384588e-9,49.00000007079309,soc_outcome,NA
50,1,2,2,106,6,T1,0,1,0,-1.4307413166913387e-10,48.999999992989366,soc_outcome,NA
50,1,2,2,106,12,T1,0,1,0,-1.7902812372640602e-8,48.99999912276218,soc_outcome,NA
51,3,3,5,101,1,control,0,0,0,3.455106711657549e-10,35.00000001209287,soc_outcome,NA
51,3,3,5,101,6,control,0,0,0,1.902303156924571e-9,35.000000066580604,soc_outcome,NA
51,3,3,5,101,12,control,0,0,0,1.7472639698184156e-9,35.00000006115424,soc_outcome,NA
52,3,3,5,102,1,T1,0,1,0,-1.055017042075173e-8,48.99999948304164,soc_outcome,NA
52,3,3,5,102,6,T1,0,1,0,4.76133278302629e-9,49.00000023330529,soc_outcome,NA
52,3,3,5,102,12,T1,0,1,0,1.3785701369592405e-8,49.00000067549937,soc_outcome,NA
53,3,3,5,104,1,T1,0,1,0,4.5623640295169426e-9,49.00000022355582,soc_outcome,NA
53,3,3,5,104,6,T1,0,1,0,-1.1355884703743431e-8,48.99999944356165,soc_outcome,NA
53,3,3,5,104,12,T1,0,1,0,-4.3564546969190505e-9,48.999999786533714,soc_outcome,NA
54,2,6,4,95,1,T1,0,1,0,3.461036193805549e-9,49.00000016959078,soc_outcome,NA
54,2,6,4,95,6,T1,0,1,0,-6.47045631318269e-9,48.99999968294764,soc_outcome,NA
54,2,6,4,95,12,T1,0,1,0,-2.157646335015277e-8,48.9999989427533,soc_outcome,NA
55,1,1,1,97,1,control,0,0,0,8.842508195860835e-9,35.000000309487774,soc_outcome,NA
55,1,1,1,97,6,control,0,0,0,-8.294776116245181e-9,34.99999970968284,soc_outcome,NA
55,1,1,1,97,12,control,0,0,0,-5.735602707682829e-9,34.9999997992539,soc_outcome,NA
56,1,5,2,90,1,control,0,0,0,1.5039006082525846e-8,35.00000052636521,soc_outcome,NA
56,1,5,2,90,6,control,0,0,0,-7.741449296054051e-9,34.99999972904927,soc_outcome,NA
56,1,5,2,90,12,control,0,0,0,8.457315401892959e-9,35.00000029600603,soc_outcome,NA
57,1,5,3,89,1,T1,0,1,0,-1.260682878188434e-8,48.99999938226538,soc_outcome,NA
57,1,5,3,89,6,T1,0,1,0,-3.5454240307397773e-9,48.99999982627422,soc_outcome,NA
57,1,5,3,89,12,T1,0,1,0,-7.355601913647834e-10,48.99999996395755,soc_outcome,NA
58,3,1,4,103,1,T1,0,1,0,-1.1686514238400298e-8,48.99999942736079,soc_outcome,NA
58,3,1,4,103,6,T1,0,1,0,-6.347482649089093e-9,48.99999968897335,soc_outcome,NA
58,3,1,4,103,12,T1,0,1,0,-2.8841552928314446e-10,48.99999998586763,soc_outcome,NA
59,3,2,2,104,1,T1,0,1,0,6.706959683985822e-9,49.00000032864103,soc_outcome,NA
59,3,2,2,104,6,T1,0,1,0,-1.650546543425109e-8,48.99999919123219,soc_outcome,NA
59,3,2,2,104,12,T1,0,1,0,-3.4975423921126842e-9,48.999999828620425,soc_outcome,NA
60,2,3,3,101,1,T1,0,1,0,7.564064381672804e-9,49.00000037063916,soc_outcome,NA
60,2,3,3,101,6,T1,0,1,0,-5.388091599775925e-9,48.9999997359835,soc_outcome,NA
60,2,3,3,101,12,T1,0,1,0,2.2729192167294204e-9,49.00000011137303,soc_outcome,NA
61,2,2,1,109,1,T1,0,1,0,4.922285698183171e-9,49.00000024119199,soc_outcome,NA
61,2,2,1,109,6,T1,0,1,0,2.6783501533168313e-9,49.00000013123914,soc_outcome,NA
61,2,2,1,109,12,T1,0,1,0,6.532576794713816e-9,49.000000320096255,soc_outcome,NA
62,3,5,5,121,1,T1,0,1,0,-1.2270866091602574e-9,48.99999993987276,soc_outcome,NA
62,3,5,5,121,6,T1,0,1,0,-4.136765135921203e-9,48.9999997972985,soc_outcome,NA
62,3,5,5,121,12,T1,0,1,0,-2.6431489520289783e-8,48.99999870485703,soc_outcome,NA
63,2,5,3,95,1,T1,0,1,0,-9.294101843300151e-10,48.999999954458886,soc_outcome,NA
63,2,5,3,95,6,T1,0,1,0,4.302846963599871e-9,49.000000210839495,soc_outcome,NA
63,2,5,3,95,12,T1,0,1,0,5.3539884086814995e-9,49.000000262345424,soc_outcome,NA
64,2,3,5,77,1,control,0,0,0,-5.552783510356124e-9,34.99999980565257,soc_outcome,NA
64,2,3,5,77,6,control,0,0,0,1.7795029097751494e-8,35.000000622826015,soc_outcome,NA
64,2,3,5,77,12,control,0,0,0,2.864244196288247e-9,35.00000010024855,soc_outcome,NA
65,3,1,3,110,1,control,0,0,0,1.2631585839572772e-9,35.00000004421054,soc_outcome,NA
65,3,1,3,110,6,control,0,0,0,1.272266779468519e-8,35.000000445293374,soc_outcome,NA
65,3,1,3,110,12,control,0,0,0,-7.184662213192593e-9,34.999999748536816,soc_outcome,NA
66,3,3,4,93,1,control,0,0,0,-4.503386236995426e-9,34.99999984238148,soc_outcome,NA
66,3,3,4,93,6,control,0,0,0,2.397452480049763e-8,35.00000083910837,soc_outcome,NA
66,3,3,4,93,12,control,0,0,0,1.1129187220887952e-10,35.00000000389521,soc_outcome,NA
67,1,4,3,93,1,T1,0,1,0,1.633568420591522e-8,49.00000080044853,soc_outcome,NA
67,1,4,3,93,6,T1,0,1,0,-1.438506644914523e-8,48.999999295131744,soc_outcome,NA
67,1,4,3,93,12,T1,0,1,0,-1.905168020429014e-9,48.99999990664676,soc_outcome,NA
68,1,5,2,110,1,T1,0,1,0,3.784239034476199e-9,49.00000018542771,soc_outcome,NA
68,1,5,2,110,6,T1,0,1,0,3.0003854520579753e-9,49.00000014701887,soc_outcome,NA
68,1,5,2,110,12,T1,0,1,0,-1.0056362595108369e-8,48.999999507238236,soc_outcome,NA
69,2,2,4,97,1,control,0,0,0,1.9259274615741164e-10,35.000000006740734,soc_outcome,NA
69,2,2,4,97,6,control,0,0,0,-1.0774206531119819e-8,34.99999962290277,soc_outcome,NA
69,2,2,4,97,12,control,0,0,0,7.127033252442824e-9,35.00000024944616,soc_outcome,NA
70,3,6,2,88,1,control,0,0,0,1.0847750893182583e-8,35.00000037967127,soc_outcome,NA
70,3,6,2,88,6,control,0,0,0,-2.2249876964874127e-8,34.999999221254306,soc_outcome,NA
70,3,6,2,88,12,control,0,0,0,1.2356934623001433e-8,35.000000432492705,soc_outcome,NA
71,1,4,5,102,1,control,0,0,0,-1.2410444961879687e-8,34.99999956563442,soc_outcome,NA
71,1,4,5,102,6,control,0,0,0,4.547692689826329e-9,35.00000015916925,soc_outcome,NA
71,1,4,5,102,12,control,0,0,0,6.599026381426083e-9,35.00000023096591,soc_outcome,NA
72,1,2,1,99,1,control,0,0,0,-1.9988982800148826e-9,34.99999993003855,soc_outcome,NA
72,1,2,1,99,6,control,0,0,0,-6.451139568597918e-9,34.99999977421011,soc_outcome,NA
72,1,2,1,99,12,control,0,0,0,1.6532102124205026e-9,35.000000057862344,soc_outcome,NA
73,3,3,3,100,1,control,0,0,0,4.388187004950442e-9,35.00000015358655,soc_outcome,NA
73,3,3,3,100,6,control,0,0,0,8.833028199487048e-9,35.00000030915598,soc_outcome,NA
73,3,3,3,100,12,control,0,0,0,-2.052336983901953e-8,34.999999281682065,soc_outcome,NA
74,2,6,1,104,1,control,0,0,0,-1.6363792672408347e-8,34.99999942726726,soc_outcome,NA
74,2,6,1,104,6,control,0,0,0,1.430402341188183e-8,35.000000500640816,soc_outcome,NA
74,2,6,1,104,12,control,0,0,0,1.046628847111547e-8,35.00000036632009,soc_outcome,NA
75,2,4,5,96,1,T1,0,1,0,4.352889486900376e-9,49.000000213291585,soc_outcome,NA
75,2,4,5,96,6,T1,0,1,0,7.151784071110604e-9,49.00000035043741,soc_outcome,NA
75,2,4,5,96,12,T1,0,1,0,9.171749176410034e-9,49.0000004494157,soc_outcome,NA
76,1,2,3,106,1,control,0,0,0,-2.6609227971352194e-8,34.99999906867702,soc_outcome,NA
76,1,2,3,106,6,control,0,0,0,1.1102770966388196e-8,35.00000038859699,soc_outcome,NA
76,1,2,3,106,12,control,0,0,0,-4.849875965623249e-9,34.99999983025433,soc_outcome,NA
77,3,2,4,98,1,T1,0,1,0,2.3061683051589336e-9,49.00000011300223,soc_outcome,NA
77,3,2,4,98,6,T1,0,1,0,-2.9515780088357725e-9,48.999999855372664,soc_outcome,NA
77,3,2,4,98,12,T1,0,1,0,8.71964954078744e-9,49.00000042726282,soc_outcome,NA
78,1,1,2,103,1,control,0,0,0,-3.4847244878137466e-9,34.999999878034636,soc_outcome,NA
78,1,1,2,103,6,control,0,0,0,5.185037658882477e-9,35.00000018147632,soc_outcome,NA
78,1,1,2,103,12,control,0,0,0,-3.906849786389791e-9,34.99999986326024,soc_outcome,NA
79,1,4,2,111,1,control,0,0,0,-1.0927872085551121e-8,34.99999961752448,soc_outcome,NA
79,1,4,2,111,6,control,0,0,0,1.2100105104402649e-8,35.00000042350367,soc_outcome,NA
79,1,4,2,111,12,control,0,0,0,7.409000112742742e-9,35.000000259315,soc_outcome,NA
80,1,6,4,104,1,control,0,0,0,1.7242622382943215e-8,35.000000603491785,soc_outcome,NA
80,1,6,4,104,6,control,0,0,0,6.51539325793032e-10,35.00000002280387,soc_outcome,NA
80,1,6,4,104,12,control,0,0,0,1.1250027458281737e-8,35.00000039375096,soc_outcome,NA
81,1,4,2,97,1,control,0,0,0,1.9754190530313687e-8,35.00000069139668,soc_outcome,NA
81,1,4,2,97,6,control,0,0,0,-2.8148211503896653e-9,34.99999990148125,soc_outcome,NA
81,1,4,2,97,12,control,0,0,0,-1.3229511127552153e-8,34.9999995369671,soc_outcome,NA
82,3,4,2,111,1,T1,0,1,0,-2.393515670184404e-9,48.99999988271773,soc_outcome,NA
82,3,4,2,111,6,T1,0,1,0,-2.140412399853833e-9,48.99999989511979,soc_outcome,NA
82,3,4,2,111,12,T1,0,1,0,1.5168050450931972e-9,49.00000007432343,soc_outcome,NA
83,2,6,3,110,1,control,0,0,0,1.71230497646313e-8,35.00000059930674,soc_outcome,NA
83,2,6,3,110,6,control,0,0,0,-3.2614389250534817e-9,34.999999885849626,soc_outcome,NA
83,2,6,3,110,12,control,0,0,0,3.730046558049154e-9,35.00000013055162,soc_outcome,NA
84,3,5,3,105,1,control,0,0,0,-2.276840647816891e-9,34.99999992031058,soc_outcome,NA
84,3,5,3,105,6,control,0,0,0,2.0450708525032547e-10,35.000000007157745,soc_outcome,NA
84,3,5,3,105,12,control,0,0,0,3.1405766350626225e-9,35.00000010992018,soc_outcome,NA
85,2,4,1,102,1,T1,0,1,0,1.328214695372879e-8,49.0000006508252,soc_outcome,NA
85,2,4,1,102,6,T1,0,1,0,1.2131837749077804e-9,49.000000059445995,soc_outcome,NA
85,2,4,1,102,12,T1,0,1,0,7.1284232003111335e-9,49.00000034929273,soc_outcome,NA
86,3,5,1,94,1,T1,0,1,0,7.788600293941045e-9,49.000000381641414,soc_outcome,NA
86,3,5,1,94,6,T1,0,1,0,9.147732708556344e-9,49.0000004482389,soc_outcome,NA
86,3,5,1,94,12,T1,0,1,0,-5.743945521843834e-9,48.999999718546675,soc_outcome,NA
87,3,5,5,114,1,control,0,0,0,1.6268812133812364e-8,35.00000056940842,soc_outcome,NA
87,3,5,5,114,6,control,0,0,0,-3.809567392940129e-9,34.999999866665135,soc_outcome,NA
87,3,5,5,114,12,control,0,0,0,-1.0578416764975175e-9,34.99999996297553,soc_outcome,NA
88,1,4,2,94,1,T1,0,1,0,1.404050267012146e-8,49.000000687984624,soc_outcome,NA
88,1,4,2,94,6,T1,0,1,0,1.2940839061455802e-8,49.00000063410111,soc_outcome,NA
88,1,4,2,94,12,T1,0,1,0,-1.0899918724112382e-8,48.999999465903976,soc_outcome,NA
89,3,6,3,122,1,control,0,0,0,-8.73070999980928e-9,34.99999969442515,soc_outcome,NA
89,3,6,3,122,6,control,0,0,0,-1.3580790593706142e-8,34.999999524672326,soc_outcome,NA
89,3,6,3,122,12,control,0,0,0,1.8184719261983215e-9,35.00000006364652,soc_outcome,NA
90,2,1,3,115,1,control,0,0,0,1.6484086783604565e-9,35.000000057694294,soc_outcome,NA
90,2,1,3,115,6,control,0,0,0,3.6411468735506292e-9,35.00000012744014,soc_outcome,NA
90,2,1,3,115,12,control,0,0,0,5.521577142185579e-9,35.00000019325519,soc_outcome,NA
91,1,2,2,98,1,control,0,0,0,-6.018928456840699e-9,34.9999997893375,soc_outcome,NA
91,1,2,2,98,6,control,0,0,0,-9.936985910987144e-9,34.99999965220549,soc_outcome,NA
91,1,2,2,98,12,control,0,0,0,1.0267850560749041e-8,35.000000359374766,soc_outcome,NA
92,1,2,2,90,1,control,0,0,0,7.510613022307926e-9,35.00000026287145,soc_outcome,NA
92,1,2,2,90,6,control,0,0,0,-1.5091665373287012e-8,34.99999947179172,soc_outcome,NA
92,1,2,2,90,12,control,0,0,0,-9.514745084928677e-10,34.99999996669839,soc_outcome,NA
93,2,6,4,93,1,T1,0,1,0,-8.959478223085247e-9,48.99999956098557,soc_outcome,NA
93,2,6,4,93,6,T1,0,1,0,-2.0707510705419638e-8,48.99999898533197,soc_outcome,NA
93,2,6,4,93,12,T1,0,1,0,1.5012013118814335e-9,49.00000007355886,soc_outcome,NA
94,3,4,1,103,1,T1,0,1,0,-7.921170921898238e-10,48.999999961186255,soc_outcome,NA
94,3,4,1,103,6,T1,0,1,0,-9.7369267513081e-10,48.99999995228905,soc_outcome,NA
94,3,4,1,103,12,T1,0,1,0,2.1615254180123263e-9,49.00000010591475,soc_outcome,NA
95,3,3,4,98,1,control,0,0,0,8.824651639553546e-9,35.0000003088628,soc_outcome,NA
95,3,3,4,98,6,control,0,0,0,2.055975044833866e-9,35.000000071959114,soc_outcome,NA
95,3,3,4,98,12,control,0,0,0,-6.164358428735284e-9,34.99999978424745,soc_outcome,NA
96,3,6,5,97,1,T1,0,1,0,-7.347992515538815e-9,48.99999963994836,soc_outcome,NA
96,3,6,5,97,6,T1,0,1,0,-1.3180279304118106e-9,48.999999935416625,soc_outcome,NA
96,3,6,5,97,12,T1,0,1,0,3.1001698657895176e-9,49.00000015190832,soc_outcome,NA
97,3,2,5,90,1,control,0,0,0,-1.0396803521822013e-8,34.99999963611187,soc_outcome,NA
97,3,2,5,90,6,control,0,0,0,-1.8430886884238382e-9,34.999999935491886,soc_outcome,NA
97,3,2,5,90,12,control,0,0,0,9.672672601679138e-9,35.00000033854353,soc_outcome,NA
98,3,1,5,100,1,control,0,0,0,-1.0828009118034609e-9,34.99999996210196,soc_outcome,NA
98,3,1,5,100,6,control,0,0,0,-6.984206675943902e-9,34.999999755552764,soc_outcome,NA
98,3,1,5,100,12,control,0,0,0,-2.7594516842553972e-9,34.99999990341918,soc_outcome,NA
99,1,2,2,92,1,T1,0,1,0,1.1146485448046556e-8,49.00000054617779,soc_outcome,NA
99,1,2,2,92,6,T1,0,1,0,5.50043961214136e-9,49.000000269521536,soc_outcome,NA
99,1,2,2,92,12,T1,0,1,0,1.2366758000816055e-8,49.00000060597113,soc_outcome,NA
100,3,6,2,83,1,T1,0,1,0,1.3909785709222215e-9,49.00000006815794,soc_outcome,NA
100,3,6,2,83,6,T1,0,1,0,4.1027509649042515e-9,49.000000201034794,soc_outcome,NA
100,3,6,2,83,12,T1,0,1,0,-5.584569123481329e-9,48.9999997263561,soc_outcome,NA
101,3,1,3,96,1,T1,0,1,0,6.053706686276475e-9,49.00000029663163,soc_outcome,NA
101,3,1,3,96,6,T1,0,1,0,-5.063335421892394e-9,48.99999975189655,soc_outcome,NA
101,3,1,3,96,12,T1,0,1,0,-1.4205655046957444e-8,48.999999303922905,soc_outcome,NA
102,3,2,5,109,1,T1,0,1,0,1.2799296562012929e-9,49.00000006271654,soc_outcome,NA
102,3,2,5,109,6,T1,0,1,0,1.9458512177314352e-8,49.000000953467094,soc_outcome,NA
102,3,2,5,109,12,T1,0,1,0,8.009143395730617e-9,49.00000039244803,soc_outcome,NA
103,2,1,1,94,1,T1,0,1,0,1.1652533893636335e-8,49.000000570974166,soc_outcome,NA
103,2,1,1,94,6,T1,0,1,0,3.588557230931522e-9,49.00000017583931,soc_outcome,NA
103,2,1,1,94,12,T1,0,1,0,-6.085571783162245e-9,48.999999701806985,soc_outcome,NA
104,3,3,2,106,1,T1,0,1,0,-2.0224085500916332e-9,48.999999900901976,soc_outcome,NA
104,3,3,2,106,6,T1,0,1,0,-2.7324810681192523e-9,48.99999986610843,soc_outcome,NA
104,3,3,2,106,12,T1,0,1,0,-4.6869977978208714e-9,48.9999997703371,soc_outcome,NA
105,1,6,2,84,1,T1,0,1,0,7.041672835776322e-9,49.000000345041975,soc_outcome,NA
105,1,6,2,84,6,T1,0,1,0,-1.1973635023654118e-8,48.99999941329188,soc_outcome,NA
105,1,6,2,84,12,T1,0,1,0,8.663661321127733e-9,49.0000004245194,soc_outcome,NA
106,3,3,1,99,1,T1,0,1,0,8.64152485793817e-9,49.00000042343471,soc_outcome,NA
106,3,3,1,99,6,T1,0,1,0,-1.1986223590687484e-8,48.99999941267504,soc_outcome,NA
106,3,3,1,99,12,T1,0,1,0,6.394919979005336e-9,49.00000031335108,soc_outcome,NA
107,3,5,3,105,1,T1,0,1,0,2.430226651129395e-8,49.00000119081106,soc_outcome,NA
107,3,5,3,105,6,T1,0,1,0,-5.572154819416083e-9,48.99999972696441,soc_outcome,NA
107,3,5,3,105,12,T1,0,1,0,8.449042414080717e-9,49.00000041400307,soc_outcome,NA
108,1,1,5,103,1,T1,0,1,0,-7.822018452283024e-9,48.999999616721084,soc_outcome,NA
108,1,1,5,103,6,T1,0,1,0,1.1107114182028009e-8,49.0000005442486,soc_outcome,NA
108,1,1,5,103,12,T1,0,1,0,2.498247199265625e-9,49.000000122414114,soc_outcome,NA
109,3,2,3,101,1,T1,0,1,0,1.6519153907972067e-8,49.000000809438546,soc_outcome,NA
109,3,2,3,101,6,T1,0,1,0,-1.4589707285369157e-8,48.999999285104344,soc_outcome,NA
109,3,2,3,101,12,T1,0,1,0,-5.129788612536124e-10,48.999999974864025,soc_outcome,NA
110,3,2,3,94,1,control,0,0,0,-5.269251758621351e-9,34.99999981557619,soc_outcome,NA
110,3,2,3,94,6,control,0,0,0,-1.972648690762991e-9,34.99999993095729,soc_outcome,NA
110,3,2,3,94,12,control,0,0,0,-6.29578742686005e-9,34.99999977964743,soc_outcome,NA
111,2,4,2,92,1,control,0,0,0,-8.338435801180789e-9,34.999999708154746,soc_outcome,NA
111,2,4,2,92,6,control,0,0,0,5.787223746164499e-9,35.00000020255282,soc_outcome,NA
111,2,4,2,92,12,control,0,0,0,-1.0875807140769271e-8,34.99999961934675,soc_outcome,NA
112,3,2,1,90,1,T1,0,1,0,1.4840309308142677e-8,49.00000072717516,soc_outcome,NA
112,3,2,1,90,6,T1,0,1,0,-1.1862065853137507e-8,48.99999941875876,soc_outcome,NA
112,3,2,1,90,12,T1,0,1,0,1.0107915139527966e-9,49.00000004952877,soc_outcome,NA
113,2,6,4,101,1,control,0,0,0,5.3298928655998606e-9,35.00000018654625,soc_outcome,NA
113,2,6,4,101,6,control,0,0,0,5.867353390926254e-9,35.00000020535736,soc_outcome,NA
113,2,6,4,101,12,control,0,0,0,-3.0174666386638033e-9,34.99999989438866,soc_outcome,NA
114,3,6,1,91,1,control,0,0,0,7.950199528865003e-10,35.0000000278257,soc_outcome,NA
114,3,6,1,91,6,control,0,0,0,9.612641518096774e-9,35.00000033644244,soc_outcome,NA
114,3,6,1,91,12,control,0,0,0,-1.4564659170764258e-8,34.999999490236924,soc_outcome,NA
115,1,5,2,95,1,T1,0,1,0,-7.81739711141212e-9,48.99999961694754,soc_outcome,NA
115,1,5,2,95,6,T1,0,1,0,3.204023143166103e-9,49.00000015699713,soc_outcome,NA
115,1,5,2,95,12,T1,0,1,0,-4.447819783369915e-9,48.99999978205682,soc_outcome,NA
116,1,5,2,97,1,control,0,0,0,1.3700039932859981e-8,35.00000047950139,soc_outcome,NA
116,1,5,2,97,6,control,0,0,0,6.732538633548357e-9,35.000000235638844,soc_outcome,NA
116,1,5,2,97,12,control,0,0,0,7.216675241475584e-10,35.00000002525836,soc_outcome,NA
117,2,1,4,118,1,control,0,0,0,-1.5077573167828012e-8,34.99999947228494,soc_outcome,NA
117,2,1,4,118,6,control,0,0,0,2.6100225326241804e-10,35.00000000913508,soc_outcome,NA
117,2,1,4,118,12,control,0,0,0,-3.164158681969931e-9,34.99999988925444,soc_outcome,NA
118,2,2,4,93,1,T1,0,1,0,-1.0234651346942456e-9,48.99999994985019,soc_outcome,NA
118,2,2,4,93,6,T1,0,1,0,-1.1815592270556854e-8,48.99999942103599,soc_outcome,NA
118,2,2,4,93,12,T1,0,1,0,4.986580438299246e-9,49.00000024434244,soc_outcome,NA
119,1,6,3,102,1,T1,0,1,0,-1.0389564397875548e-8,48.99999949091134,soc_outcome,NA
119,1,6,3,102,6,T1,0,1,0,-2.2622198144240976e-9,48.999999889151226,soc_outcome,NA
119,1,6,3,102,12,T1,0,1,0,3.814258294513523e-9,49.000000186898646,soc_outcome,NA
120,1,3,2,101,1,T1,0,1,0,-7.8351578862129e-9,48.99999961607726,soc_outcome,NA
120,1,3,2,101,6,T1,0,1,0,5.829914056800643e-9,49.00000028566578,soc_outcome,NA
120,1,3,2,101,12,T1,0,1,0,-1.3165104016516927e-8,48.999999354909896,soc_outcome,NA
121,2,3,4,90,1,T1,0,1,0,-2.809774677555654e-8,48.999998623210416,soc_outcome,NA
121,2,3,4,90,6,T1,0,1,0,4.649679907858525e-9,49.0000002278343,soc_outcome,NA
121,2,3,4,90,12,T1,0,1,0,8.405398269609996e-9,49.000000411864505,soc_outcome,NA
122,2,6,2,99,1,T1,0,1,0,-2.8584542344846116e-9,48.99999985993573,soc_outcome,NA
122,2,6,2,99,6,T1,0,1,0,5.041262545916082e-9,49.00000024702186,soc_outcome,NA
122,2,6,2,99,12,T1,0,1,0,-1.1559165250836716e-8,48.999999433600905,soc_outcome,NA
123,1,4,2,114,1,T1,0,1,0,-1.2714860676208788e-9,48.999999937697176,soc_outcome,NA
123,1,4,2,114,6,T1,0,1,0,-1.9415183760406177e-8,48.999999048656,soc_outcome,NA
123,1,4,2,114,12,T1,0,1,0,1.1811808914385219e-8,49.00000057877863,soc_outcome,NA
124,1,5,2,105,1,control,0,0,0,1.8599108606132054e-8,35.000000650968794,soc_outcome,NA
124,1,5,2,105,6,control,0,0,0,1.07401226028199e-8,35.000000375904285,soc_outcome,NA
124,1,5,2,105,12,control,0,0,0,-2.7346966413741796e-10,34.999999990428556,soc_outcome,NA
125,1,2,2,100,1,T1,0,1,0,-3.33303422592541e-10,48.99999998366812,soc_outcome,NA
125,1,2,2,100,6,T1,0,1,0,-1.5160676231510994e-8,48.99999925712686,soc_outcome,NA
125,1,2,2,100,12,T1,0,1,0,7.90385343888228e-9,49.00000038728882,soc_outcome,NA
126,3,3,2,96,1,control,0,0,0,-2.1073418058640856e-9,34.99999992624303,soc_outcome,NA
126,3,3,2,96,6,control,0,0,0,-6.567429253610754e-9,34.99999977013997,soc_outcome,NA
126,3,3,2,96,12,control,0,0,0,-1.4120257926583086e-8,34.999999505790974,soc_outcome,NA
127,2,2,5,79,1,T1,0,1,0,-2.997624964963909e-9,48.99999985311638,soc_outcome,NA
127,2,2,5,79,6,T1,0,1,0,-8.490611350167083e-9,48.99999958396004,soc_outcome,NA
127,2,2,5,79,12,T1,0,1,0,-3.970305203278366e-9,48.999999805455026,soc_outcome,NA
128,3,5,3,111,1,T1,0,1,0,-1.2175999871547974e-8,48.99999940337601,soc_outcome,NA
128,3,5,3,111,6,T1,0,1,0,1.6875894829456985e-8,49.00000082691885,soc_outcome,NA
128,3,5,3,111,12,T1,0,1,0,-1.600252720796886e-10,48.99999999215875,soc_outcome,NA
129,3,5,1,85,1,control,0,0,0,1.0749450767349132e-8,35.00000037623077,soc_outcome,NA
129,3,5,1,85,6,control,0,0,0,-2.601699670257652e-8,34.99999908940513,soc_outcome,NA
129,3,5,1,85,12,control,0,0,0,-4.531978299948375e-9,34.99999984138075,soc_outcome,NA
130,2,3,2,107,1,control,0,0,0,-6.7548229125433e-9,34.999999763581194,soc_outcome,NA
130,2,3,2,107,6,control,0,0,0,-1.2229261793659132e-8,34.99999957197584,soc_outcome,NA
130,2,3,2,107,12,control,0,0,0,1.546609154224095e-8,35.0000005413132,soc_outcome,NA
1,3,6,5,93,1,control,0,0,NA,-1.4152819190618491e-8,399.9999999858472,env_outcome,0
1,3,6,5,93,2,control,0,0,NA,3.1839026040802517e-9,400.0000000031839,env_outcome,0
1,3,6,5,93,3,control,0,0,NA,8.464362855796923e-9,400.0000000084644,env_outcome,0
1,3,6,5,93,4,control,0,0,NA,1.7819018841802312e-9,400.0000000017819,env_outcome,0
1,3,6,5,93,5,control,0,0,NA,-8.752554774955156e-9,399.9999999912474,env_outcome,0
1,3,6,5,93,6,control,0,0,NA,9.411658067241671e-9,400.0000000094117,env_outcome,0
2,1,2,3,96,1,control,0,0,NA,1.7058808175554388e-9,400.00000000170587,env_outcome,0
2,1,2,3,96,2,control,0,0,NA,-1.0634979063820434e-8,399.999999989365,env_outcome,0
2,1,2,3,96,3,control,0,0,NA,-1.3880490476020615e-8,399.9999999861195,env_outcome,0
2,1,2,3,96,4,control,0,0,NA,2.086717434493147e-8,400.00000002086716,env_outcome,0
2,1,2,3,96,5,control,0,0,NA,-6.785031454184372e-9,399.99999999321494,env_outcome,0
2,1,2,3,96,6,control,0,0,NA,-1.8555716539180404e-8,399.99999998144426,env_outcome,0
3,2,5,5,112,1,control,0,0,NA,5.332593624870224e-9,400.0000000053326,env_outcome,0
3,2,5,5,112,2,control,0,0,NA,3.102302560608955e-9,400.0000000031023,env_outcome,0
3,2,5,5,112,3,control,0,0,NA,-1.3538343357225985e-8,399.99999998646166,env_outcome,0
3,2,5,5,112,4,control,0,0,NA,-1.9429564135819502e-8,399.9999999805704,env_outcome,0
3,2,5,5,112,5,control,0,0,NA,-1.1630251715860556e-9,399.999999998837,env_outcome,0
3,2,5,5,112,6,control,0,0,NA,1.1393962917094222e-8,400.000000011394,env_outcome,0
4,2,6,2,104,1,control,0,0,NA,6.361240348640865e-9,400.00000000636123,env_outcome,0
4,2,6,2,104,2,control,0,0,NA,-4.929374241619774e-9,399.99999999507065,env_outcome,0
4,2,6,2,104,3,control,0,0,NA,-8.341882315843776e-9,399.9999999916581,env_outcome,0
4,2,6,2,104,4,control,0,0,NA,2.7106675675054514e-9,400.0000000027107,env_outcome,0
4,2,6,2,104,5,control,0,0,NA,1.573533472161576e-9,400.00000000157354,env_outcome,0
4,2,6,2,104,6,control,0,0,NA,6.297117466927278e-9,400.0000000062971,env_outcome,0
5,3,6,4,104,1,T1,0,1,NA,-3.957979500909974e-9,414.999999996042,env_outcome,0
5,3,6,4,104,2,T1,0,1,NA,8.993540532030994e-9,415.00000000899354,env_outcome,0
5,3,6,4,104,3,T1,0,1,NA,-8.308115273362484e-9,414.9999999916919,env_outcome,0
5,3,6,4,104,4,T1,0,1,NA,-3.3054470011996314e-9,414.99999999669456,env_outcome,0
5,3,6,4,104,5,T1,0,1,NA,7.4081452372590454e-9,415.0000000074081,env_outcome,0
5,3,6,4,104,6,T1,0,1,NA,9.899716086271126e-9,415.00000000989974,env_outcome,0
6,3,2,4,101,1,T1,0,1,NA,-1.938504700484127e-8,414.999999980615,env_outcome,0
6,3,2,4,101,2,T1,0,1,NA,1.071904070161529e-9,415.0000000010719,env_outcome,0
6,3,2,4,101,3,T1,0,1,NA,6.087790117346299e-9,415.0000000060878,env_outcome,0
6,3,2,4,101,4,T1,0,1,NA,-1.4508243134906313e-8,414.99999998549174,env_outcome,0
6,3,2,4,101,5,T1,0,1,NA,4.806255998752172e-9,415.0000000048063,env_outcome,0
6,3,2,4,101,6,T1,0,1,NA,-8.28174270396797e-9,414.99999999171825,env_outcome,0
7,1,3,2,94,1,control,0,0,NA,1.0202530116543026e-8,400.00000001020254,env_outcome,0
7,1,3,2,94,2,control,0,0,NA,5.3848203210264106e-9,400.00000000538483,env_outcome,0
7,1,3,2,94,3,control,0,0,NA,7.690522949956095e-9,400.0000000076905,env_outcome,0
7,1,3,2,94,4,control,0,0,NA,1.2071932928703424e-9,400.0000000012072,env_outcome,0
7,1,3,2,94,5,control,0,0,NA,8.636484341577535e-9,400.0000000086365,env_outcome,0
7,1,3,2,94,6,control,0,0,NA,1.3805145283145378e-8,400.00000001380516,env_outcome,0
8,1,1,5,118,1,control,0,0,NA,1.9662480144725097e-8,400.0000000196625,env_outcome,0
8,1,1,5,118,2,control,0,0,NA,-2.8395054749064986e-10,399.99999999971607,env_outcome,0
8,1,1,5,118,3,control,0,0,NA,-2.249051090332405e-8,399.9999999775095,env_outcome,0
8,1,1,5,118,4,control,0,0,NA,3.1526004593991706e-10,400.00000000031525,env_outcome,0
8,1,1,5,118,5,control,0,0,NA,2.0556120844997466e-9,400.00000000205563,env_outcome,0
8,1,1,5,118,6,control,0,0,NA,-1.5534534714439854e-9,399.9999999984465,env_outcome,0
9,3,6,3,105,1,T1,0,1,NA,5.682886204929302e-9,415.00000000568286,env_outcome,0
9,3,6,3,105,2,T1,0,1,NA,1.0106779645142649e-8,415.00000001010676,env_outcome,0
9,3,6,3,105,3,T1,0,1,NA,-5.1798243016782164e-9,414.9999999948202,env_outcome,0
9,3,6,3,105,4,T1,0,1,NA,-2.9409532715611046e-9,414.99999999705904,env_outcome,0
9,3,6,3,105,5,T1,0,1,NA,3.97842208800339e-9,415.0000000039784,env_outcome,0
9,3,6,3,105,6,T1,0,1,NA,-5.502237414891381e-9,414.9999999944978,env_outcome,0
10,3,3,4,80,1,T1,0,1,NA,9.126738344260174e-10,415.0000000009127,env_outcome,0
10,3,3,4,80,2,T1,0,1,NA,-1.961707598885302e-8,414.99999998038294,env_outcome,0
10,3,3,4,80,3,T1,0,1,NA,-1.1198997213976241e-8,414.999999988801,env_outcome,0
10,3,3,4,80,4,T1,0,1,NA,-1.3277554756041252e-8,414.99999998672246,env_outcome,0
10,3,3,4,80,5,T1,0,1,NA,-8.536236967272416e-9,414.99999999146377,env_outcome,0
10,3,3,4,80,6,T1,0,1,NA,-6.933045279306658e-9,414.999999993067,env_outcome,0
11,2,2,2,107,1,T1,0,1,NA,3.823051423552173e-9,415.00000000382306,env_outcome,0
11,2,2,2,107,2,T1,0,1,NA,9.821130025226407e-9,415.0000000098211,env_outcome,0
11,2,2,2,107,3,T1,0,1,NA,-7.273835290875355e-9,414.99999999272615,env_outcome,0
11,2,2,2,107,4,T1,0,1,NA,-9.968389823780047e-9,414.9999999900316,env_outcome,0
11,2,2,2,107,5,T1,0,1,NA,-1.0416888589895098e-8,414.9999999895831,env_outcome,0
11,2,2,2,107,6,T1,0,1,NA,-4.145887263636737e-9,414.9999999958541,env_outcome,0
12,3,4,1,95,1,control,0,0,NA,-2.3902906803304952e-9,399.99999999760973,env_outcome,0
12,3,4,1,95,2,control,0,0,NA,4.836175338382695e-9,400.0000000048362,env_outcome,0
12,3,4,1,95,3,control,0,0,NA,-3.2132484216838993e-9,399.99999999678676,env_outcome,0
12,3,4,1,95,4,control,0,0,NA,-2.078489268860023e-8,399.9999999792151,env_outcome,0
12,3,4,1,95,5,control,0,0,NA,-9.143427555013835e-10,399.9999999990857,env_outcome,0
12,3,4,1,95,6,control,0,0,NA,1.1871868106515564e-8,400.00000001187186,env_outcome,0
13,3,2,4,89,1,control,0,0,NA,1.1916012679145245e-8,400.00000001191603,env_outcome,0
13,3,2,4,89,2,control,0,0,NA,-7.889632181112297e-9,399.99999999211036,env_outcome,0
13,3,2,4,89,3,control,0,0,NA,-1.5477765436375707e-8,399.9999999845222,env_outcome,0
13,3,2,4,89,4,control,0,0,NA,2.458060491865274e-8,400.00000002458063,env_outcome,0
13,3,2,4,89,5,control,0,0,NA,-1.6242194247941934e-9,399.99999999837576,env_outcome,0
13,3,2,4,89,6,control,0,0,NA,-9.745125010561723e-10,399.9999999990255,env_outcome,0
14,2,1,1,98,1,control,0,0,NA,4.2057418848785984e-9,400.00000000420573,env_outcome,0
14,2,1,1,98,2,control,0,0,NA,-1.6140394566191194e-8,399.9999999838596,env_outcome,0
14,2,1,1,98,3,control,0,0,NA,-7.282191111912876e-9,399.9999999927178,env_outcome,0
14,2,1,1,98,4,control,0,0,NA,-1.5404424052900096e-8,399.9999999845956,env_outcome,0
14,2,1,1,98,5,control,0,0,NA,-6.930946140105952e-9,399.9999999930691,env_outcome,0
14,2,1,1,98,6,control,0,0,NA,1.1884943300456097e-9,400.0000000011885,env_outcome,0
15,2,6,3,90,1,T1,0,1,NA,-1.3647094573045574e-8,414.9999999863529,env_outcome,0
15,2,6,3,90,2,T1,0,1,NA,5.89982679367313e-9,415.00000000589984,env_outcome,0
15,2,6,3,90,3,T1,0,1,NA,2.8934402881733583e-9,415.00000000289344,env_outcome,0
15,2,6,3,90,4,T1,0,1,NA,-9.04215025620639e-9,414.99999999095786,env_outcome,0
15,2,6,3,90,5,T1,0,1,NA,2.2632494238106353e-9,415.0000000022633,env_outcome,0
15,2,6,3,90,6,T1,0,1,NA,7.480811624938435e-9,415.0000000074808,env_outcome,0
16,2,6,4,93,1,control,0,0,NA,1.061095252731194e-8,400.00000001061096,env_outcome,0
16,2,6,4,93,2,control,0,0,NA,-2.128482786465276e-9,399.9999999978715,env_outcome,0
16,2,6,4,93,3,control,0,0,NA,-9.363679391104562e-10,399.9999999990636,env_outcome,0
16,2,6,4,93,4,control,0,0,NA,-8.671413498192511e-10,399.99999999913285,env_outcome,0
16,2,6,4,93,5,control,0,0,NA,1.4414617560550447e-8,400.00000001441464,env_outcome,0
16,2,6,4,93,6,control,0,0,NA,1.125071892277994e-8,400.00000001125073,env_outcome,0
17,2,1,5,94,1,T1,0,1,NA,8.344015673398385e-9,415.000000008344,env_outcome,0
17,2,1,5,94,2,T1,0,1,NA,-2.873407998406928e-9,414.99999999712657,env_outcome,0
17,2,1,5,94,3,T1,0,1,NA,3.7324143416640606e-9,415.0000000037324,env_outcome,0
17,2,1,5,94,4,T1,0,1,NA,4.032903312206958e-9,415.0000000040329,env_outcome,0
17,2,1,5,94,5,T1,0,1,NA,-1.0416732942893223e-8,414.9999999895833,env_outcome,0
17,2,1,5,94,6,T1,0,1,NA,-1.728304515320743e-8,414.99999998271693,env_outcome,0
18,2,4,4,83,1,control,0,0,NA,6.41830027330701e-9,400.0000000064183,env_outcome,0
18,2,4,4,83,2,control,0,0,NA,-1.5293105311804217e-8,399.9999999847069,env_outcome,0
18,2,4,4,83,3,control,0,0,NA,1.68368848420991e-11,400.0000000000168,env_outcome,0
18,2,4,4,83,4,control,0,0,NA,2.5024782134833112e-9,400.0000000025025,env_outcome,0
18,2,4,4,83,5,control,0,0,NA,5.638673903058834e-9,400.0000000056387,env_outcome,0
18,2,4,4,83,6,control,0,0,NA,1.8942623751481067e-9,400.00000000189425,env_outcome,0
19,1,4,5,108,1,T1,0,1,NA,-7.328538059306982e-9,414.99999999267146,env_outcome,0
19,1,4,5,108,2,T1,0,1,NA,9.863658598954618e-9,415.00000000986364,env_outcome,0
19,1,4,5,108,3,T1,0,1,NA,1.7386337669062457e-8,415.00000001738636,env_outcome,0
19,1,4,5,108,4,T1,0,1,NA,8.811788089254428e-9,415.0000000088118,env_outcome,0
19,1,4,5,108,5,T1,0,1,NA,-1.9436509013239757e-8,414.9999999805635,env_outcome,0
19,1,4,5,108,6,T1,0,1,NA,1.3995761854029438e-8,415.00000001399576,env_outcome,0
20,3,4,4,102,1,T1,0,1,NA,-5.605594615824e-10,414.99999999943947,env_outcome,0
20,3,4,4,102,2,T1,0,1,NA,5.2491427931928995e-9,415.00000000524915,env_outcome,0
20,3,4,4,102,3,T1,0,1,NA,6.2203323587106044e-9,415.0000000062203,env_outcome,0
20,3,4,4,102,4,T1,0,1,NA,-9.668607320670514e-10,414.99999999903315,env_outcome,0
20,3,4,4,102,5,T1,0,1,NA,-7.526319764872627e-10,414.9999999992474,env_outcome,0
20,3,4,4,102,6,T1,0,1,NA,1.0191570693309e-8,415.00000001019157,env_outcome,0
21,2,3,5,89,1,T1,0,1,NA,7.11601922130443e-9,415.000000007116,env_outcome,0
21,2,3,5,89,2,T1,0,1,NA,9.902622460442314e-9,415.00000000990264,env_outcome,0
21,2,3,5,89,3,T1,0,1,NA,2.3829266952303274e-8,415.0000000238293,env_outcome,0
21,2,3,5,89,4,T1,0,1,NA,6.64415863694087e-9,415.00000000664414,env_outcome,0
21,2,3,5,89,5,T1,0,1,NA,2.0738115738530686e-9,415.0000000020738,env_outcome,0
21,2,3,5,89,6,T1,0,1,NA,-2.210633110575621e-8,414.99999997789365,env_outcome,0
22,1,3,5,113,1,control,0,0,NA,2.6917140019002582e-8,400.0000000269171,env_outcome,0
22,1,3,5,113,2,control,0,0,NA,-4.826768217963079e-9,399.99999999517325,env_outcome,0
22,1,3,5,113,3,control,0,0,NA,2.3747347150953943e-8,400.00000002374736,env_outcome,0
22,1,3,5,113,4,control,0,0,NA,3.746435680049877e-9,400.00000000374644,env_outcome,0
22,1,3,5,113,5,control,0,0,NA,1.5384301988967936e-8,400.00000001538433,env_outcome,0
22,1,3,5,113,6,control,0,0,NA,-1.0971032117623882e-9,399.9999999989029,env_outcome,0
23,3,4,2,104,1,control,0,0,NA,5.1147075444239e-9,400.0000000051147,env_outcome,0
23,3,4,2,104,2,control,0,0,NA,2.139579796422618e-9,400.0000000021396,env_outcome,0
23,3,4,2,104,3,control,0,0,NA,-1.861206993734956e-9,399.9999999981388,env_outcome,0
23,3,4,2,104,4,control,0,0,NA,-1.203938246224936e-9,399.99999999879606,env_outcome,0
23,3,4,2,104,5,control,0,0,NA,1.0128343358442544e-8,400.00000001012836,env_outcome,0
23,3,4,2,104,6,control,0,0,NA,-2.0145814697149974e-9,399.9999999979854,env_outcome,0
24,3,3,5,97,1,control,0,0,NA,-2.0376824934219588e-8,399.99999997962317,env_outcome,0
24,3,3,5,97,2,control,0,0,NA,-1.958892488298278e-9,399.9999999980411,env_outcome,0
24,3,3,5,97,3,control,0,0,NA,5.397906055362739e-9,400.0000000053979,env_outcome,0
24,3,3,5,97,4,control,0,0,NA,6.164557163514397e-9,400.00000000616456,env_outcome,0
24,3,3,5,97,5,control,0,0,NA,6.165678174774341e-9,400.0000000061657,env_outcome,0
24,3,3,5,97,6,control,0,0,NA,-1.6921015208690814e-8,399.99999998307896,env_outcome,0
25,1,6,1,109,1,T1,0,1,NA,3.6874205782682297e-9,415.00000000368743,env_outcome,0
25,1,6,1,109,2,T1,0,1,NA,9.678592099470637e-9,415.0000000096786,env_outcome,0
25,1,6,1,109,3,T1,0,1,NA,1.2765786814676568e-8,415.0000000127658,env_outcome,0
25,1,6,1,109,4,T1,0,1,NA,-2.2496127104411593e-9,414.99999999775036,env_outcome,0
25,1,6,1,109,5,T1,0,1,NA,-3.218925861828012e-9,414.99999999678107,env_outcome,0
25,1,6,1,109,6,T1,0,1,NA,1.4878378318780394e-8,415.00000001487837,env_outcome,0
26,2,3,2,109,1,T1,0,1,NA,-1.6679280449453555e-8,414.9999999833207,env_outcome,0
26,2,3,2,109,2,T1,0,1,NA,-4.3682997691312485e-9,414.9999999956317,env_outcome,0
26,2,3,2,109,3,T1,0,1,NA,4.5746207935745465e-9,415.00000000457464,env_outcome,0
26,2,3,2,109,4,T1,0,1,NA,-1.6177737653812265e-8,414.99999998382225,env_outcome,0
26,2,3,2,109,5,T1,0,1,NA,2.796278624317575e-9,415.0000000027963,env_outcome,0
26,2,3,2,109,6,T1,0,1,NA,1.8778640210521933e-8,415.0000000187786,env_outcome,0
27,2,6,5,108,1,T1,0,1,NA,-4.060653434310253e-11,414.9999999999594,env_outcome,0
27,2,6,5,108,2,T1,0,1,NA,-2.7845402496358623e-9,414.99999999721547,env_outcome,0
27,2,6,5,108,3,T1,0,1,NA,4.749117140340542e-9,415.0000000047491,env_outcome,0
27,2,6,5,108,4,T1,0,1,NA,-2.7907217078730668e-9,414.9999999972093,env_outcome,0
27,2,6,5,108,5,T1,0,1,NA,8.134003740790648e-9,415.000000008134,env_outcome,0
27,2,6,5,108,6,T1,0,1,NA,9.044354644496952e-9,415.00000000904436,env_outcome,0
28,1,3,4,107,1,T1,0,1,NA,2.691661228775075e-11,415.00000000002694,env_outcome,0
28,1,3,4,107,2,T1,0,1,NA,-1.1766921577497271e-8,414.99999998823307,env_outcome,0
28,1,3,4,107,3,T1,0,1,NA,-1.3182207274590878e-8,414.9999999868178,env_outcome,0
28,1,3,4,107,4,T1,0,1,NA,-5.9299736565531695e-9,414.99999999407004,env_outcome,0
28,1,3,4,107,5,T1,0,1,NA,7.973805005498355e-9,415.0000000079738,env_outcome,0
28,1,3,4,107,6,T1,0,1,NA,-1.958205174656925e-8,414.99999998041795,env_outcome,0
29,1,2,3,106,1,T1,0,1,NA,-1.8863251577893832e-8,414.99999998113674,env_outcome,0
29,1,2,3,106,2,T1,0,1,NA,-6.537798247601029e-9,414.9999999934622,env_outcome,0
29,1,2,3,106,3,T1,0,1,NA,3.943948479805846e-9,415.00000000394397,env_outcome,0
29,1,2,3,106,4,T1,0,1,NA,-9.135660481649922e-9,414.99999999086435,env_outcome,0
29,1,2,3,106,5,T1,0,1,NA,8.867490370960592e-9,415.0000000088675,env_outcome,0
29,1,2,3,106,6,T1,0,1,NA,3.333699701551824e-9,415.0000000033337,env_outcome,0
30,1,6,5,99,1,T1,0,1,NA,-1.7063961815329003e-9,414.9999999982936,env_outcome,0
30,1,6,5,99,2,T1,0,1,NA,8.188281365317798e-9,415.0000000081883,env_outcome,0
30,1,6,5,99,3,T1,0,1,NA,3.883651628193677e-9,415.00000000388366,env_outcome,0
30,1,6,5,99,4,T1,0,1,NA,-4.459350272121562e-9,414.99999999554063,env_outcome,0
30,1,6,5,99,5,T1,0,1,NA,2.3111493441816e-9,415.00000000231114,env_outcome,0
30,1,6,5,99,6,T1,0,1,NA,6.475133579775916e-9,415.00000000647515,env_outcome,0
31,1,5,1,97,1,control,0,0,NA,3.5628334468390526e-9,400.00000000356283,env_outcome,0
31,1,5,1,97,2,control,0,0,NA,-6.5801020794947885e-9,399.9999999934199,env_outcome,0
31,1,5,1,97,3,control,0,0,NA,8.552022050641918e-9,400.00000000855204,env_outcome,0
31,1,5,1,97,4,control,0,0,NA,1.152936225558616e-8,400.0000000115294,env_outcome,0
31,1,5,1,97,5,control,0,0,NA,2.7627455654333667e-9,400.00000000276276,env_outcome,0
31,1,5,1,97,6,control,0,0,NA,1.4410466246218697e-9,400.00000000144104,env_outcome,0
32,3,6,5,96,1,control,0,0,NA,-7.562508074202547e-10,399.99999999924376,env_outcome,0
32,3,6,5,96,2,control,0,0,NA,2.161415846302788e-8,400.00000002161414,env_outcome,0
32,3,6,5,96,3,control,0,0,NA,2.763155321357929e-9,400.00000000276316,env_outcome,0
32,3,6,5,96,4,control,0,0,NA,-1.5829402869994403e-9,399.9999999984171,env_outcome,0
32,3,6,5,96,5,control,0,0,NA,-2.5079178021972544e-8,399.9999999749208,env_outcome,0
32,3,6,5,96,6,control,0,0,NA,-1.5652817650305326e-8,399.9999999843472,env_outcome,0
33,3,2,5,93,1,control,0,0,NA,-7.76732005717282e-10,399.9999999992233,env_outcome,0
33,3,2,5,93,2,control,0,0,NA,2.0629404484309795e-9,400.00000000206296,env_outcome,0
33,3,2,5,93,3,control,0,0,NA,2.7687245886161437e-9,400.00000000276873,env_outcome,0
33,3,2,5,93,4,control,0,0,NA,8.215067804486179e-9,400.00000000821507,env_outcome,0
33,3,2,5,93,5,control,0,0,NA,-1.9415240932045667e-9,399.99999999805846,env_outcome,0
33,3,2,5,93,6,control,0,0,NA,1.214588794482562e-8,400.0000000121459,env_outcome,0
34,3,5,4,98,1,T1,0,1,NA,-9.2151604240882e-9,414.99999999078483,env_outcome,0
34,3,5,4,98,2,T1,0,1,NA,-1.2084427204430665e-8,414.9999999879156,env_outcome,0
34,3,5,4,98,3,T1,0,1,NA,-1.2289861775538142e-8,414.9999999877101,env_outcome,0
34,3,5,4,98,4,T1,0,1,NA,7.422970241865179e-9,415.00000000742295,env_outcome,0
34,3,5,4,98,5,T1,0,1,NA,-8.291994233922603e-10,414.9999999991708,env_outcome,0
34,3,5,4,98,6,T1,0,1,NA,7.898179218204991e-9,415.00000000789817,env_outcome,0
35,2,2,2,87,1,control,0,0,NA,-2.6770642142323153e-9,399.99999999732296,env_outcome,0
35,2,2,2,87,2,control,0,0,NA,-5.9189210221281265e-9,399.99999999408107,env_outcome,0
35,2,2,2,87,3,control,0,0,NA,-3.6835257512650605e-9,399.9999999963165,env_outcome,0
35,2,2,2,87,4,control,0,0,NA,-1.8526168242417293e-8,399.9999999814738,env_outcome,0
35,2,2,2,87,5,control,0,0,NA,-1.1696152604141147e-8,399.99999998830384,env_outcome,0
35,2,2,2,87,6,control,0,0,NA,-1.4420346463584501e-8,399.9999999855797,env_outcome,0
36,2,1,3,122,1,control,0,0,NA,1.0543222714481873e-8,400.0000000105432,env_outcome,0
36,2,1,3,122,2,control,0,0,NA,-5.9733009136280015e-9,399.9999999940267,env_outcome,0
36,2,1,3,122,3,control,0,0,NA,7.894598527901798e-9,400.0000000078946,env_outcome,0
36,2,1,3,122,4,control,0,0,NA,1.5164906016919583e-8,400.0000000151649,env_outcome,0
36,2,1,3,122,5,control,0,0,NA,-1.9177480910994218e-9,399.9999999980823,env_outcome,0
36,2,1,3,122,6,control,0,0,NA,2.838789063523513e-9,400.0000000028388,env_outcome,0
37,2,3,3,112,1,control,0,0,NA,-1.7510675185205447e-8,399.9999999824893,env_outcome,0
37,2,3,3,112,2,control,0,0,NA,-8.186697775198027e-9,399.9999999918133,env_outcome,0
37,2,3,3,112,3,control,0,0,NA,5.621484938283862e-10,400.0000000005621,env_outcome,0
37,2,3,3,112,4,control,0,0,NA,2.9908690333615235e-9,400.0000000029909,env_outcome,0
37,2,3,3,112,5,control,0,0,NA,-7.593981172988821e-9,399.999999992406,env_outcome,0
37,2,3,3,112,6,control,0,0,NA,2.6848589992267988e-8,400.00000002684857,env_outcome,0
38,3,3,2,89,1,control,0,0,NA,-4.583901388631937e-9,399.9999999954161,env_outcome,0
38,3,3,2,89,2,control,0,0,NA,6.424355663003791e-10,400.00000000064244,env_outcome,0
38,3,3,2,89,3,control,0,0,NA,6.497918671535179e-9,400.00000000649794,env_outcome,0
38,3,3,2,89,4,control,0,0,NA,-2.6018634773995307e-10,399.9999999997398,env_outcome,0
38,3,3,2,89,5,control,0,0,NA,-6.43567387027114e-9,399.9999999935643,env_outcome,0
38,3,3,2,89,6,control,0,0,NA,1.0453056639633051e-8,400.00000001045305,env_outcome,0
39,2,1,4,96,1,control,0,0,NA,1.6155453223994283e-8,400.00000001615547,env_outcome,0
39,2,1,4,96,2,control,0,0,NA,-2.96939710498354e-10,399.99999999970305,env_outcome,0
39,2,1,4,96,3,control,0,0,NA,5.622673454030662e-9,400.00000000562267,env_outcome,0
39,2,1,4,96,4,control,0,0,NA,-9.741249850263016e-10,399.9999999990259,env_outcome,0
39,2,1,4,96,5,control,0,0,NA,1.0164552177021617e-8,400.00000001016457,env_outcome,0
39,2,1,4,96,6,control,0,0,NA,-1.156167394259853e-8,399.99999998843833,env_outcome,0
40,2,4,5,95,1,control,0,0,NA,2.3208602228340454e-8,400.0000000232086,env_outcome,0
40,2,4,5,95,2,control,0,0,NA,-6.035312477883375e-9,399.9999999939647,env_outcome,0
40,2,4,5,95,3,control,0,0,NA,-1.4588494144380923e-8,399.9999999854115,env_outcome,0
40,2,4,5,95,4,control,0,0,NA,-3.509178271930697e-9,399.99999999649083,env_outcome,0
40,2,4,5,95,5,control,0,0,NA,1.4670848414500188e-9,400.0000000014671,env_outcome,0
40,2,4,5,95,6,control,0,0,NA,1.623621207680229e-8,400.0000000162362,env_outcome,0
41,2,1,4,108,1,T1,0,1,NA,9.11209676315715e-9,415.0000000091121,env_outcome,0
41,2,1,4,108,2,T1,0,1,NA,1.4245843204578665e-9,415.0000000014246,env_outcome,0
41,2,1,4,108,3,T1,0,1,NA,-1.38948352398816e-8,414.99999998610514,env_outcome,0
41,2,1,4,108,4,T1,0,1,NA,-8.660377446721135e-9,414.9999999913396,env_outcome,0
41,2,1,4,108,5,T1,0,1,NA,-1.632849322292941e-9,414.9999999983672,env_outcome,0
41,2,1,4,108,6,T1,0,1,NA,2.553026113460593e-8,415.00000002553026,env_outcome,0
42,1,3,3,99,1,T1,0,1,NA,-1.860227573288301e-8,414.9999999813977,env_outcome,0
42,1,3,3,99,2,T1,0,1,NA,1.1310546518460212e-8,415.00000001131053,env_outcome,0
42,1,3,3,99,3,T1,0,1,NA,-5.272342572339209e-9,414.99999999472766,env_outcome,0
42,1,3,3,99,4,T1,0,1,NA,1.6659908999874188e-8,415.0000000166599,env_outcome,0
42,1,3,3,99,5,T1,0,1,NA,-1.1392006399734047e-8,414.999999988608,env_outcome,0
42,1,3,3,99,6,T1,0,1,NA,1.4362323466274738e-9,415.0000000014362,env_outcome,0
43,2,4,5,103,1,T1,0,1,NA,-1.0995509411529753e-8,414.9999999890045,env_outcome,0
43,2,4,5,103,2,T1,0,1,NA,9.035164263616751e-9,415.00000000903515,env_outcome,0
43,2,4,5,103,3,T1,0,1,NA,1.4837794887380856e-8,415.0000000148378,env_outcome,0
43,2,4,5,103,4,T1,0,1,NA,1.950721006401152e-8,415.0000000195072,env_outcome,0
43,2,4,5,103,5,T1,0,1,NA,7.976006575895186e-9,415.000000007976,env_outcome,0
43,2,4,5,103,6,T1,0,1,NA,1.8432662545778214e-8,415.0000000184327,env_outcome,0
44,2,1,3,100,1,T1,0,1,NA,1.2464239080384343e-8,415.0000000124642,env_outcome,0
44,2,1,3,100,2,T1,0,1,NA,-1.3187491182401518e-9,414.99999999868123,env_outcome,0
44,2,1,3,100,3,T1,0,1,NA,4.770372382847001e-9,415.00000000477036,env_outcome,0
44,2,1,3,100,4,T1,0,1,NA,-9.719942114759334e-9,414.99999999028006,env_outcome,0
44,2,1,3,100,5,T1,0,1,NA,-1.8520216940099382e-9,414.999999998148,env_outcome,0
44,2,1,3,100,6,T1,0,1,NA,1.220963708348822e-8,415.0000000122096,env_outcome,0
45,3,5,5,100,1,control,0,0,NA,5.41284143211708e-9,400.00000000541286,env_outcome,0
45,3,5,5,100,2,control,0,0,NA,4.5735733162533e-9,400.00000000457356,env_outcome,0
45,3,5,5,100,3,control,0,0,NA,-1.0381310396872053e-8,399.9999999896187,env_outcome,0
45,3,5,5,100,4,control,0,0,NA,-6.0451323033411675e-9,399.9999999939549,env_outcome,0
45,3,5,5,100,5,control,0,0,NA,-7.646060137535688e-9,399.99999999235393,env_outcome,0
45,3,5,5,100,6,control,0,0,NA,3.95295870013499e-9,400.00000000395295,env_outcome,0
46,1,3,1,114,1,T1,0,1,NA,-9.90507629971305e-9,414.9999999900949,env_outcome,0
46,1,3,1,114,2,T1,0,1,NA,5.620413900990521e-9,415.0000000056204,env_outcome,0
46,1,3,1,114,3,T1,0,1,NA,-1.116416411933542e-8,414.99999998883584,env_outcome,0
46,1,3,1,114,4,T1,0,1,NA,1.8285304581353644e-8,415.0000000182853,env_outcome,0
46,1,3,1,114,5,T1,0,1,NA,4.6059134947810385e-9,415.0000000046059,env_outcome,0
46,1,3,1,114,6,T1,0,1,NA,-7.010036122532697e-9,414.99999999298996,env_outcome,0
47,3,3,2,98,1,T1,0,1,NA,2.410459323807003e-9,415.00000000241045,env_outcome,0
47,3,3,2,98,2,T1,0,1,NA,-3.5245319922795617e-9,414.9999999964755,env_outcome,0
47,3,3,2,98,3,T1,0,1,NA,3.71147959759657e-9,415.0000000037115,env_outcome,0
47,3,3,2,98,4,T1,0,1,NA,2.435327187603004e-9,415.00000000243534,env_outcome,0
47,3,3,2,98,5,T1,0,1,NA,-1.0141141726614745e-8,414.99999998985885,env_outcome,0
47,3,3,2,98,6,T1,0,1,NA,-7.9131387881947e-9,414.9999999920869,env_outcome,0
48,1,3,5,115,1,T1,0,1,NA,2.9959368458976674e-9,415.00000000299593,env_outcome,0
48,1,3,5,115,2,T1,0,1,NA,1.6390519087515616e-8,415.0000000163905,env_outcome,0
48,1,3,5,115,3,T1,0,1,NA,1.0846170086709222e-8,415.0000000108462,env_outcome,0
48,1,3,5,115,4,T1,0,1,NA,-6.2456747361809386e-9,414.99999999375433,env_outcome,0
48,1,3,5,115,5,T1,0,1,NA,8.259229016474941e-9,415.00000000825924,env_outcome,0
48,1,3,5,115,6,T1,0,1,NA,-4.856835275628854e-10,414.99999999951433,env_outcome,0
49,2,1,2,85,1,T1,0,1,NA,3.013136515677477e-9,415.00000000301316,env_outcome,0
49,2,1,2,85,2,T1,0,1,NA,2.603614907365583e-9,415.0000000026036,env_outcome,0
49,2,1,2,85,3,T1,0,1,NA,2.575449763723391e-8,415.0000000257545,env_outcome,0
49,2,1,2,85,4,T1,0,1,NA,-1.1852888105872244e-8,414.9999999881471,env_outcome,0
49,2,1,2,85,5,T1,0,1,NA,1.0091985901285688e-9,415.0000000010092,env_outcome,0
49,2,1,2,85,6,T1,0,1,NA,-1.779977287967616e-8,414.9999999822002,env_outcome,0
50,1,2,2,106,1,T1,0,1,NA,5.898359226638404e-9,415.00000000589836,env_outcome,0
50,1,2,2,106,2,T1,0,1,NA,1.0966084717214048e-8,415.00000001096606,env_outcome,0
50,1,2,2,106,3,T1,0,1,NA,1.4456622411011533e-8,415.00000001445665,env_outcome,0
50,1,2,2,106,4,T1,0,1,NA,-1.925145251837121e-8,414.99999998074856,env_outcome,0
50,1,2,2,106,5,T1,0,1,NA,4.1276949719403025e-9,415.0000000041277,env_outcome,0
50,1,2,2,106,6,T1,0,1,NA,1.5933699513836516e-8,415.0000000159337,env_outcome,0
51,3,3,5,101,1,control,0,0,NA,-4.14015862835295e-9,399.99999999585987,env_outcome,0
51,3,3,5,101,2,control,0,0,NA,-2.1215053208194943e-9,399.9999999978785,env_outcome,0
51,3,3,5,101,3,control,0,0,NA,-3.6537222204741255e-10,399.9999999996346,env_outcome,0
51,3,3,5,101,4,control,0,0,NA,3.650187514330356e-9,400.0000000036502,env_outcome,0
51,3,3,5,101,5,control,0,0,NA,6.651598757459689e-9,400.0000000066516,env_outcome,0
51,3,3,5,101,6,control,0,0,NA,1.3178208837114821e-8,400.00000001317824,env_outcome,0
52,3,3,5,102,1,T1,0,1,NA,-9.54875903972486e-10,414.99999999904514,env_outcome,0
52,3,3,5,102,2,T1,0,1,NA,1.962780454724688e-9,415.0000000019628,env_outcome,0
52,3,3,5,102,3,T1,0,1,NA,2.4879978772214618e-8,415.00000002487997,env_outcome,0
52,3,3,5,102,4,T1,0,1,NA,4.310989281149912e-9,415.000000004311,env_outcome,0
52,3,3,5,102,5,T1,0,1,NA,1.8875310932983336e-9,415.00000000188754,env_outcome,0
52,3,3,5,102,6,T1,0,1,NA,-1.3422431252834489e-8,414.99999998657756,env_outcome,0
53,3,3,5,104,1,T1,0,1,NA,2.85604762079857e-11,415.00000000002854,env_outcome,0
53,3,3,5,104,2,T1,0,1,NA,-2.2132615316688107e-9,414.99999999778674,env_outcome,0
53,3,3,5,104,3,T1,0,1,NA,-1.1045829809373779e-10,414.99999999988955,env_outcome,0
53,3,3,5,104,4,T1,0,1,NA,-5.7541764127116656e-9,414.9999999942458,env_outcome,0
53,3,3,5,104,5,T1,0,1,NA,-6.8681565244270076e-9,414.99999999313184,env_outcome,0
53,3,3,5,104,6,T1,0,1,NA,-7.207736318201219e-9,414.99999999279225,env_outcome,0
54,2,6,4,95,1,T1,0,1,NA,-2.145045152925219e-9,414.99999999785496,env_outcome,0
54,2,6,4,95,2,T1,0,1,NA,1.368132648028627e-8,415.0000000136813,env_outcome,0
54,2,6,4,95,3,T1,0,1,NA,1.0490866265593277e-8,415.00000001049085,env_outcome,0
54,2,6,4,95,4,T1,0,1,NA,-3.5997511794305647e-9,414.9999999964003,env_outcome,0
54,2,6,4,95,5,T1,0,1,NA,-1.68591645453874e-8,414.9999999831408,env_outcome,0
54,2,6,4,95,6,T1,0,1,NA,-8.445834285359535e-9,414.99999999155415,env_outcome,0
55,1,1,1,97,1,control,0,0,NA,-4.577605330116275e-9,399.9999999954224,env_outcome,0
55,1,1,1,97,2,control,0,0,NA,1.036380042283041e-9,400.00000000103637,env_outcome,0
55,1,1,1,97,3,control,0,0,NA,-6.6260727570081456e-9,399.99999999337393,env_outcome,0
55,1,1,1,97,4,control,0,0,NA,2.0066806908318902e-8,400.0000000200668,env_outcome,0
55,1,1,1,97,5,control,0,0,NA,-2.7226753441835105e-9,399.9999999972773,env_outcome,0
55,1,1,1,97,6,control,0,0,NA,-1.2139444702395096e-8,399.9999999878606,env_outcome,0
56,1,5,2,90,1,control,0,0,NA,-1.4126175721188237e-9,399.9999999985874,env_outcome,0
56,1,5,2,90,2,control,0,0,NA,-1.0053775815934139e-8,399.9999999899462,env_outcome,0
56,1,5,2,90,3,control,0,0,NA,1.5615570727532644e-9,400.00000000156155,env_outcome,0
56,1,5,2,90,4,control,0,0,NA,2.3363361408986945e-9,400.0000000023363,env_outcome,0
56,1,5,2,90,5,control,0,0,NA,3.5558761162838444e-9,400.0000000035559,env_outcome,0
56,1,5,2,90,6,control,0,0,NA,-1.6218582591242146e-8,399.99999998378144,env_outcome,0
57,1,5,3,89,1,T1,0,1,NA,2.207112908602932e-9,415.0000000022071,env_outcome,0
57,1,5,3,89,2,T1,0,1,NA,3.1045008054164597e-9,415.0000000031045,env_outcome,0
57,1,5,3,89,3,T1,0,1,NA,-1.4211084475044877e-8,414.9999999857889,env_outcome,0
57,1,5,3,89,4,T1,0,1,NA,9.553656397304111e-9,415.0000000095537,env_outcome,0
57,1,5,3,89,5,T1,0,1,NA,7.841708790943376e-9,415.0000000078417,env_outcome,0
57,1,5,3,89,6,T1,0,1,NA,2.2996193611544455e-8,415.0000000229962,env_outcome,0
58,3,1,4,103,1,T1,0,1,NA,1.567029872973765e-9,415.000000001567,env_outcome,0
58,3,1,4,103,2,T1,0,1,NA,4.673352751800071e-10,415.0000000004673,env_outcome,0
58,3,1,4,103,3,T1,0,1,NA,9.658583408243635e-10,415.0000000009659,env_outcome,0
58,3,1,4,103,4,T1,0,1,NA,6.976623090030058e-10,415.00000000069764,env_outcome,0
58,3,1,4,103,5,T1,0,1,NA,-1.848472775337667e-8,414.99999998151526,env_outcome,0
58,3,1,4,103,6,T1,0,1,NA,-1.6711270586422436e-8,414.9999999832887,env_outcome,0
59,3,2,2,104,1,T1,0,1,NA,-7.753896675243386e-10,414.9999999992246,env_outcome,0
59,3,2,2,104,2,T1,0,1,NA,-5.810673805664985e-9,414.99999999418935,env_outcome,0
59,3,2,2,104,3,T1,0,1,NA,5.473652505742527e-10,415.00000000054735,env_outcome,0
59,3,2,2,104,4,T1,0,1,NA,-2.1112083732605315e-8,414.9999999788879,env_outcome,0
59,3,2,2,104,5,T1,0,1,NA,-1.4986982545267578e-8,414.999999985013,env_outcome,0
59,3,2,2,104,6,T1,0,1,NA,-1.1014834389387425e-8,414.99999998898517,env_outcome,0
60,2,3,3,101,1,T1,0,1,NA,9.860582205672182e-9,415.00000000986057,env_outcome,0
60,2,3,3,101,2,T1,0,1,NA,-1.0984900070901164e-8,414.9999999890151,env_outcome,0
60,2,3,3,101,3,T1,0,1,NA,-7.995139535765307e-9,414.99999999200486,env_outcome,0
60,2,3,3,101,4,T1,0,1,NA,7.987381867405269e-10,415.00000000079876,env_outcome,0
60,2,3,3,101,5,T1,0,1,NA,-3.2274636182510887e-9,414.99999999677254,env_outcome,0
60,2,3,3,101,6,T1,0,1,NA,1.4641717866796228e-9,415.0000000014642,env_outcome,0
61,2,2,1,109,1,T1,0,1,NA,2.3050619808931605e-8,415.00000002305063,env_outcome,0
61,2,2,1,109,2,T1,0,1,NA,-1.1246036712582365e-8,414.999999988754,env_outcome,0
61,2,2,1,109,3,T1,0,1,NA,-3.0546963990980455e-9,414.9999999969453,env_outcome,0
61,2,2,1,109,4,T1,0,1,NA,-5.16759449743733e-9,414.9999999948324,env_outcome,0
61,2,2,1,109,5,T1,0,1,NA,1.512395426832454e-8,415.00000001512393,env_outcome,0
61,2,2,1,109,6,T1,0,1,NA,-7.694849228902776e-9,414.99999999230516,env_outcome,0
62,3,5,5,121,1,T1,0,1,NA,-8.208690373467485e-10,414.9999999991791,env_outcome,0
62,3,5,5,121,2,T1,0,1,NA,7.871336143227075e-9,415.00000000787134,env_outcome,0
62,3,5,5,121,3,T1,0,1,NA,-1.0585905359483998e-8,414.9999999894141,env_outcome,0
62,3,5,5,121,4,T1,0,1,NA,1.6551758157420098e-8,415.0000000165518,env_outcome,0
62,3,5,5,121,5,T1,0,1,NA,6.75762415474246e-9,415.0000000067576,env_outcome,0
62,3,5,5,121,6,T1,0,1,NA,-1.0742066095303544e-8,414.99999998925796,env_outcome,0
63,2,5,3,95,1,T1,0,1,NA,4.545778088304491e-9,415.00000000454577,env_outcome,0
63,2,5,3,95,2,T1,0,1,NA,-2.133071432330683e-9,414.99999999786695,env_outcome,0
63,2,5,3,95,3,T1,0,1,NA,3.132287719943345e-9,415.0000000031323,env_outcome,0
63,2,5,3,95,4,T1,0,1,NA,-8.997519701566341e-10,414.9999999991002,env_outcome,0
63,2,5,3,95,5,T1,0,1,NA,1.0705160367783438e-8,415.00000001070515,env_outcome,0
63,2,5,3,95,6,T1,0,1,NA,-1.3511003857033341e-8,414.999999986489,env_outcome,0
64,2,3,5,77,1,control,0,0,NA,-5.226166969346075e-9,399.9999999947738,env_outcome,0
64,2,3,5,77,2,control,0,0,NA,-2.491906777553992e-9,399.9999999975081,env_outcome,0
64,2,3,5,77,3,control,0,0,NA,-9.957987248513332e-9,399.999999990042,env_outcome,0
64,2,3,5,77,4,control,0,0,NA,-1.039955043766194e-8,399.99999998960044,env_outcome,0
64,2,3,5,77,5,control,0,0,NA,-1.7980240576662608e-10,399.9999999998202,env_outcome,0
64,2,3,5,77,6,control,0,0,NA,-1.3217513285673464e-9,399.9999999986783,env_outcome,0
65,3,1,3,110,1,control,0,0,NA,-2.5493427734757604e-8,399.9999999745066,env_outcome,0
65,3,1,3,110,2,control,0,0,NA,1.0405734557193764e-8,400.00000001040576,env_outcome,0
65,3,1,3,110,3,control,0,0,NA,2.497257359851902e-9,400.00000000249725,env_outcome,0
65,3,1,3,110,4,control,0,0,NA,2.416207373148329e-8,400.0000000241621,env_outcome,0
65,3,1,3,110,5,control,0,0,NA,6.85198238051097e-9,400.00000000685196,env_outcome,0
65,3,1,3,110,6,control,0,0,NA,-4.469593089619924e-9,399.9999999955304,env_outcome,0
66,3,3,4,93,1,control,0,0,NA,2.7973911455594003e-8,400.0000000279739,env_outcome,0
66,3,3,4,93,2,control,0,0,NA,2.8322260239155075e-8,400.00000002832223,env_outcome,0
66,3,3,4,93,3,control,0,0,NA,-1.2187118162901793e-8,399.9999999878129,env_outcome,0
66,3,3,4,93,4,control,0,0,NA,4.69031955955424e-9,400.0000000046903,env_outcome,0
66,3,3,4,93,5,control,0,0,NA,-2.1124691863215003e-9,399.9999999978875,env_outcome,0
66,3,3,4,93,6,control,0,0,NA,1.8705114655401243e-9,400.0000000018705,env_outcome,0
67,1,4,3,93,1,T1,0,1,NA,2.275427284550425e-9,415.00000000227544,env_outcome,0
67,1,4,3,93,2,T1,0,1,NA,-1.2619004628690523e-8,414.999999987381,env_outcome,0
67,1,4,3,93,3,T1,0,1,NA,2.8558958024256153e-9,415.00000000285587,env_outcome,0
67,1,4,3,93,4,T1,0,1,NA,1.749247363141796e-8,415.0000000174925,env_outcome,0
67,1,4,3,93,5,T1,0,1,NA,-1.640900041348027e-9,414.9999999983591,env_outcome,0
67,1,4,3,93,6,T1,0,1,NA,-1.629267106984538e-9,414.99999999837075,env_outcome,0
68,1,5,2,110,1,T1,0,1,NA,1.3985720056381804e-8,415.0000000139857,env_outcome,0
68,1,5,2,110,2,T1,0,1,NA,8.983962406829482e-9,415.000000008984,env_outcome,0
68,1,5,2,110,3,T1,0,1,NA,-1.648494818381285e-8,414.99999998351507,env_outcome,0
68,1,5,2,110,4,T1,0,1,NA,2.2855697326218687e-9,415.00000000228556,env_outcome,0
68,1,5,2,110,5,T1,0,1,NA,1.6535472346777337e-8,415.00000001653547,env_outcome,0
68,1,5,2,110,6,T1,0,1,NA,1.4152763499191426e-8,415.00000001415276,env_outcome,0
69,2,2,4,97,1,control,0,0,NA,4.199516036042541e-9,400.00000000419953,env_outcome,0
69,2,2,4,97,2,control,0,0,NA,7.2122080711289396e-9,400.00000000721224,env_outcome,0
69,2,2,4,97,3,control,0,0,NA,-1.1969352121886836e-8,399.99999998803065,env_outcome,0
69,2,2,4,97,4,control,0,0,NA,3.0013156688137333e-9,400.00000000300133,env_outcome,0
69,2,2,4,97,5,control,0,0,NA,-9.544489351878223e-9,399.99999999045554,env_outcome,0
69,2,2,4,97,6,control,0,0,NA,-4.580180680969442e-9,399.99999999541984,env_outcome,0
70,3,6,2,88,1,control,0,0,NA,9.356036833118007e-9,400.00000000935603,env_outcome,0
70,3,6,2,88,2,control,0,0,NA,-1.1368931116911432e-8,399.9999999886311,env_outcome,0
70,3,6,2,88,3,control,0,0,NA,2.6691825087305833e-9,400.0000000026692,env_outcome,0
70,3,6,2,88,4,control,0,0,NA,4.283320394715435e-9,400.0000000042833,env_outcome,0
70,3,6,2,88,5,control,0,0,NA,5.491196983962971e-10,400.0000000005491,env_outcome,0
70,3,6,2,88,6,control,0,0,NA,1.8221888218354152e-8,400.0000000182219,env_outcome,0
71,1,4,5,102,1,control,0,0,NA,-1.0223473280640763e-8,399.99999998977654,env_outcome,0
71,1,4,5,102,2,control,0,0,NA,6.061302614355997e-9,400.0000000060613,env_outcome,0
71,1,4,5,102,3,control,0,0,NA,-8.893056745066745e-10,399.9999999991107,env_outcome,0
71,1,4,5,102,4,control,0,0,NA,-2.608322438339241e-9,399.9999999973917,env_outcome,0
71,1,4,5,102,5,control,0,0,NA,4.640912338523815e-9,400.0000000046409,env_outcome,0
71,1,4,5,102,6,control,0,0,NA,-1.0204005906839305e-8,399.999999989796,env_outcome,0
72,1,2,1,99,1,control,0,0,NA,-1.3134509158616796e-8,399.9999999868655,env_outcome,0
72,1,2,1,99,2,control,0,0,NA,-4.94480875483423e-9,399.9999999950552,env_outcome,0
72,1,2,1,99,3,control,0,0,NA,1.751757149755448e-8,400.00000001751755,env_outcome,0
72,1,2,1,99,4,control,0,0,NA,5.576477461252008e-10,400.00000000055763,env_outcome,0
72,1,2,1,99,5,control,0,0,NA,3.31434398227886e-9,400.00000000331437,env_outcome,0
72,1,2,1,99,6,control,0,0,NA,-1.8984663767753956e-9,399.99999999810154,env_outcome,0
73,3,3,3,100,1,control,0,0,NA,4.7049273171857895e-9,400.00000000470493,env_outcome,0
73,3,3,3,100,2,control,0,0,NA,-9.516795430171457e-9,399.9999999904832,env_outcome,0
73,3,3,3,100,3,control,0,0,NA,1.1579104665686408e-8,400.0000000115791,env_outcome,0
73,3,3,3,100,4,control,0,0,NA,5.847052602413515e-9,400.000000005847,env_outcome,0
73,3,3,3,100,5,control,0,0,NA,-8.064528226917048e-9,399.99999999193545,env_outcome,0
73,3,3,3,100,6,control,0,0,NA,5.455324581199229e-10,400.0000000005455,env_outcome,0
74,2,6,1,104,1,control,0,0,NA,7.1633161914095706e-9,400.0000000071633,env_outcome,0
74,2,6,1,104,2,control,0,0,NA,5.5773098205460294e-9,400.0000000055773,env_outcome,0
74,2,6,1,104,3,control,0,0,NA,1.481934015876881e-8,400.00000001481936,env_outcome,0
74,2,6,1,104,4,control,0,0,NA,-6.129877548948504e-9,399.9999999938701,env_outcome,0
74,2,6,1,104,5,control,0,0,NA,1.1161366154903934e-8,400.0000000111614,env_outcome,0
74,2,6,1,104,6,control,0,0,NA,1.036548009941219e-8,400.00000001036545,env_outcome,0
75,2,4,5,96,1,T1,0,1,NA,-1.6248313182161302e-9,414.9999999983752,env_outcome,0
75,2,4,5,96,2,T1,0,1,NA,-9.759266928218852e-9,414.9999999902407,env_outcome,0
75,2,4,5,96,3,T1,0,1,NA,-1.0891451908845163e-8,414.9999999891086,env_outcome,0
75,2,4,5,96,4,T1,0,1,NA,4.577869579449709e-9,415.0000000045779,env_outcome,0
75,2,4,5,96,5,T1,0,1,NA,-7.112673372089446e-10,414.9999999992887,env_outcome,0
75,2,4,5,96,6,T1,0,1,NA,1.77910266685145e-8,415.000000017791,env_outcome,0
76,1,2,3,106,1,control,0,0,NA,5.351379602286357e-9,400.00000000535135,env_outcome,0
76,1,2,3,106,2,control,0,0,NA,-3.7194487516349535e-9,399.99999999628056,env_outcome,0
76,1,2,3,106,3,control,0,0,NA,-1.0255422484971141e-8,399.9999999897446,env_outcome,0
76,1,2,3,106,4,control,0,0,NA,-5.8240167460525205e-9,399.999999994176,env_outcome,0
76,1,2,3,106,5,control,0,0,NA,3.428883928973311e-9,400.0000000034289,env_outcome,0
76,1,2,3,106,6,control,0,0,NA,-4.509346470566506e-9,399.99999999549067,env_outcome,0
77,3,2,4,98,1,T1,0,1,NA,5.142301199735752e-9,415.0000000051423,env_outcome,0
77,3,2,4,98,2,T1,0,1,NA,-3.3433805216978196e-9,414.99999999665664,env_outcome,0
77,3,2,4,98,3,T1,0,1,NA,-1.0555990879447544e-9,414.9999999989444,env_outcome,0
77,3,2,4,98,4,T1,0,1,NA,-7.3050967280782754e-9,414.9999999926949,env_outcome,0
77,3,2,4,98,5,T1,0,1,NA,1.9050435849087043e-8,415.00000001905045,env_outcome,0
77,3,2,4,98,6,T1,0,1,NA,3.326217314703942e-9,415.0000000033262,env_outcome,0
78,1,1,2,103,1,control,0,0,NA,2.306336403841339e-9,400.0000000023063,env_outcome,0
78,1,1,2,103,2,control,0,0,NA,-1.6918624148840673e-8,399.99999998308135,env_outcome,0
78,1,1,2,103,3,control,0,0,NA,6.597918995493273e-9,400.00000000659793,env_outcome,0
78,1,1,2,103,4,control,0,0,NA,-1.0236235888797118e-8,399.99999998976375,env_outcome,0
78,1,1,2,103,5,control,0,0,NA,-8.915215743542978e-9,399.9999999910848,env_outcome,0
78,1,1,2,103,6,control,0,0,NA,9.183411710216489e-9,400.0000000091834,env_outcome,0
79,1,4,2,111,1,control,0,0,NA,-4.5270064628187974e-9,399.999999995473,env_outcome,0
79,1,4,2,111,2,control,0,0,NA,-1.7483722800031807e-8,399.9999999825163,env_outcome,0
79,1,4,2,111,3,control,0,0,NA,1.769904109889355e-8,400.00000001769905,env_outcome,0
79,1,4,2,111,4,control,0,0,NA,-2.3774069253925205e-8,399.9999999762259,env_outcome,0
79,1,4,2,111,5,control,0,0,NA,5.728115298595848e-9,400.0000000057281,env_outcome,0
79,1,4,2,111,6,control,0,0,NA,1.01724924908461e-8,400.00000001017247,env_outcome,0
80,1,6,4,104,1,control,0,0,NA,-6.309678663450505e-9,399.9999999936903,env_outcome,0
80,1,6,4,104,2,control,0,0,NA,4.4428705141155416e-9,400.0000000044429,env_outcome,0
80,1,6,4,104,3,control,0,0,NA,4.3913038838855525e-9,400.0000000043913,env_outcome,0
80,1,6,4,104,4,control,0,0,NA,1.0406231529145125e-8,400.0000000104062,env_outcome,0
80,1,6,4,104,5,control,0,0,NA,4.840993879525221e-9,400.000000004841,env_outcome,0
80,1,6,4,104,6,control,0,0,NA,-2.4488377909252477e-9,399.9999999975512,env_outcome,0
81,1,4,2,97,1,control,0,0,NA,9.159920574822151e-9,400.0000000091599,env_outcome,0
81,1,4,2,97,2,control,0,0,NA,8.006223565097664e-9,400.0000000080062,env_outcome,0
81,1,4,2,97,3,control,0,0,NA,-9.365690341357927e-9,399.9999999906343,env_outcome,0
81,1,4,2,97,4,control,0,0,NA,-1.4007874339957309e-8,399.99999998599213,env_outcome,0
81,1,4,2,97,5,control,0,0,NA,1.6027753999317776e-9,400.00000000160276,env_outcome,0
81,1,4,2,97,6,control,0,0,NA,-2.739623747751827e-9,399.9999999972604,env_outcome,0
82,3,4,2,111,1,T1,0,1,NA,-9.855391120695267e-9,414.9999999901446,env_outcome,0
82,3,4,2,111,2,T1,0,1,NA,8.393067951503286e-10,415.0000000008393,env_outcome,0
82,3,4,2,111,3,T1,0,1,NA,-1.319996526486906e-8,414.99999998680005,env_outcome,0
82,3,4,2,111,4,T1,0,1,NA,1.6122635132619902e-9,415.00000000161225,env_outcome,0
82,3,4,2,111,5,T1,0,1,NA,-6.249283875419198e-9,414.9999999937507,env_outcome,0
82,3,4,2,111,6,T1,0,1,NA,9.57164274192481e-9,415.00000000957164,env_outcome,0
83,2,6,3,110,1,control,0,0,NA,2.4244891399492884e-8,400.0000000242449,env_outcome,0
83,2,6,3,110,2,control,0,0,NA,-9.15979243686792e-9,399.9999999908402,env_outcome,0
83,2,6,3,110,3,control,0,0,NA,1.057664170942975e-8,400.0000000105766,env_outcome,0
83,2,6,3,110,4,control,0,0,NA,8.251497277682833e-9,400.0000000082515,env_outcome,0
83,2,6,3,110,5,control,0,0,NA,-7.019422430535867e-10,399.99999999929804,env_outcome,0
83,2,6,3,110,6,control,0,0,NA,-4.536463740570145e-9,399.99999999546355,env_outcome,0
84,3,5,3,105,1,control,0,0,NA,1.5753077060498306e-8,400.0000000157531,env_outcome,0
84,3,5,3,105,2,control,0,0,NA,-2.0054578182362472e-8,399.9999999799454,env_outcome,0
84,3,5,3,105,3,control,0,0,NA,-6.431947915936632e-9,399.99999999356805,env_outcome,0
84,3,5,3,105,4,control,0,0,NA,-1.4368434436577757e-8,399.9999999856316,env_outcome,0
84,3,5,3,105,5,control,0,0,NA,1.395313438946077e-8,400.0000000139531,env_outcome,0
84,3,5,3,105,6,control,0,0,NA,-1.9070343264485706e-9,399.99999999809296,env_outcome,0
85,2,4,1,102,1,T1,0,1,NA,-5.246711992073357e-9,414.9999999947533,env_outcome,0
85,2,4,1,102,2,T1,0,1,NA,3.1840444740663286e-8,415.00000003184044,env_outcome,0
85,2,4,1,102,3,T1,0,1,NA,-5.003726788762824e-10,414.9999999994996,env_outcome,0
85,2,4,1,102,4,T1,0,1,NA,-4.437493118665236e-9,414.9999999955625,env_outcome,0
85,2,4,1,102,5,T1,0,1,NA,2.998652501361448e-9,415.00000000299866,env_outcome,0
85,2,4,1,102,6,T1,0,1,NA,-1.568424620754969e-8,414.99999998431576,env_outcome,0
86,3,5,1,94,1,T1,0,1,NA,4.903026424269163e-9,415.00000000490303,env_outcome,0
86,3,5,1,94,2,T1,0,1,NA,-9.616320107996684e-10,414.9999999990384,env_outcome,0
86,3,5,1,94,3,T1,0,1,NA,4.685251225301459e-9,415.00000000468526,env_outcome,0
86,3,5,1,94,4,T1,0,1,NA,-9.82370635937854e-9,414.9999999901763,env_outcome,0
86,3,5,1,94,5,T1,0,1,NA,-1.0229838421479433e-8,414.9999999897702,env_outcome,0
86,3,5,1,94,6,T1,0,1,NA,-6.934146632761847e-9,414.99999999306584,env_outcome,0
87,3,5,5,114,1,control,0,0,NA,-7.679895727087874e-9,399.9999999923201,env_outcome,0
87,3,5,5,114,2,control,0,0,NA,1.2990499666835894e-8,400.0000000129905,env_outcome,0
87,3,5,5,114,3,control,0,0,NA,1.5791455618080903e-8,400.00000001579144,env_outcome,0
87,3,5,5,114,4,control,0,0,NA,-1.5689195303906714e-9,399.99999999843106,env_outcome,0
87,3,5,5,114,5,control,0,0,NA,-3.589365605846804e-9,399.9999999964106,env_outcome,0
87,3,5,5,114,6,control,0,0,NA,-3.2903883042166856e-9,399.9999999967096,env_outcome,0
88,1,4,2,94,1,T1,0,1,NA,6.923647781839829e-10,415.00000000069235,env_outcome,0
88,1,4,2,94,2,T1,0,1,NA,9.690423370105476e-10,415.00000000096907,env_outcome,0
88,1,4,2,94,3,T1,0,1,NA,2.900343877655705e-9,415.0000000029003,env_outcome,0
88,1,4,2,94,4,T1,0,1,NA,-7.466789410462558e-9,414.9999999925332,env_outcome,0
88,1,4,2,94,5,T1,0,1,NA,-8.468963888203188e-9,414.999999991531,env_outcome,0
88,1,4,2,94,6,T1,0,1,NA,1.1970776637460841e-8,415.00000001197077,env_outcome,0
89,3,6,3,122,1,control,0,0,NA,-5.48627360829009e-9,399.9999999945137,env_outcome,0
89,3,6,3,122,2,control,0,0,NA,3.0304569522545066e-9,400.00000000303044,env_outcome,0
89,3,6,3,122,3,control,0,0,NA,-5.697053380333201e-10,399.9999999994303,env_outcome,0
89,3,6,3,122,4,control,0,0,NA,-9.578493921506691e-9,399.9999999904215,env_outcome,0
89,3,6,3,122,5,control,0,0,NA,5.910619094115072e-9,400.00000000591064,env_outcome,0
89,3,6,3,122,6,control,0,0,NA,1.7310487349295478e-9,400.00000000173105,env_outcome,0
90,2,1,3,115,1,control,0,0,NA,1.3997833555126162e-8,400.0000000139978,env_outcome,0
90,2,1,3,115,2,control,0,0,NA,1.1745958462698799e-9,400.0000000011746,env_outcome,0
90,2,1,3,115,3,control,0,0,NA,-3.315457582008531e-9,399.99999999668455,env_outcome,0
90,2,1,3,115,4,control,0,0,NA,2.782949133053641e-9,400.00000000278294,env_outcome,0
90,2,1,3,115,5,control,0,0,NA,-1.1855916490353392e-8,399.9999999881441,env_outcome,0
90,2,1,3,115,6,control,0,0,NA,-8.358940533935968e-9,399.99999999164106,env_outcome,0
91,1,2,2,98,1,control,0,0,NA,5.102732508842939e-9,400.0000000051027,env_outcome,0
91,1,2,2,98,2,control,0,0,NA,-3.331209012239486e-9,399.9999999966688,env_outcome,0
91,1,2,2,98,3,control,0,0,NA,-6.596094635246347e-10,399.9999999993404,env_outcome,0
91,1,2,2,98,4,control,0,0,NA,-1.1522170942194963e-9,399.9999999988478,env_outcome,0
91,1,2,2,98,5,control,0,0,NA,-6.505126187745292e-9,399.9999999934949,env_outcome,0
91,1,2,2,98,6,control,0,0,NA,-2.0186886590824172e-8,399.99999997981314,env_outcome,0
92,1,2,2,90,1,control,0,0,NA,3.4883497000217496e-9,400.00000000348837,env_outcome,0
92,1,2,2,90,2,control,0,0,NA,7.616395076468586e-9,400.0000000076164,env_outcome,0
92,1,2,2,90,3,control,0,0,NA,-1.2887162353501252e-8,399.99999998711286,env_outcome,0
92,1,2,2,90,4,control,0,0,NA,1.4824027184586065e-8,400.000000014824,env_outcome,0
92,1,2,2,90,5,control,0,0,NA,3.851548236872349e-9,400.00000000385154,env_outcome,0
92,1,2,2,90,6,control,0,0,NA,1.341640294993872e-8,400.0000000134164,env_outcome,0
93,2,6,4,93,1,T1,0,1,NA,-9.57170470763703e-9,414.9999999904283,env_outcome,0
93,2,6,4,93,2,T1,0,1,NA,1.667812883542511e-9,415.0000000016678,env_outcome,0
93,2,6,4,93,3,T1,0,1,NA,-1.0001395893880843e-9,414.99999999899984,env_outcome,0
93,2,6,4,93,4,T1,0,1,NA,7.685074318817763e-9,415.00000000768506,env_outcome,0
93,2,6,4,93,5,T1,0,1,NA,-5.7585956791269325e-9,414.9999999942414,env_outcome,0
93,2,6,4,93,6,T1,0,1,NA,-1.0097671952461111e-10,414.99999999989905,env_outcome,0
94,3,4,1,103,1,T1,0,1,NA,-1.7786591478546154e-8,414.9999999822134,env_outcome,0
94,3,4,1,103,2,T1,0,1,NA,-7.776214428705004e-9,414.99999999222376,env_outcome,0
94,3,4,1,103,3,T1,0,1,NA,1.2503388366511012e-9,415.0000000012503,env_outcome,0
94,3,4,1,103,4,T1,0,1,NA,-7.063214923882233e-9,414.9999999929368,env_outcome,0
94,3,4,1,103,5,T1,0,1,NA,-4.3569485811480023e-10,414.9999999995643,env_outcome,0
94,3,4,1,103,6,T1,0,1,NA,-4.6792597392521984e-9,414.99999999532076,env_outcome,0
95,3,3,4,98,1,control,0,0,NA,6.069301358580251e-9,400.0000000060693,env_outcome,0
95,3,3,4,98,2,control,0,0,NA,1.168488308749563e-8,400.0000000116849,env_outcome,0
95,3,3,4,98,3,control,0,0,NA,-8.225014128075227e-9,399.999999991775,env_outcome,0
95,3,3,4,98,4,control,0,0,NA,-3.070365585947284e-9,399.99999999692966,env_outcome,0
95,3,3,4,98,5,control,0,0,NA,1.4397612583697421e-8,400.0000000143976,env_outcome,0
95,3,3,4,98,6,control,0,0,NA,-2.198923254183707e-8,399.99999997801075,env_outcome,0
96,3,6,5,97,1,T1,0,1,NA,-3.1983779158081614e-9,414.99999999680165,env_outcome,0
96,3,6,5,97,2,T1,0,1,NA,2.0647042841433424e-8,415.00000002064706,env_outcome,0
96,3,6,5,97,3,T1,0,1,NA,2.1935900690642548e-8,415.0000000219359,env_outcome,0
96,3,6,5,97,4,T1,0,1,NA,1.5659532335014943e-9,415.000000001566,env_outcome,0
96,3,6,5,97,5,T1,0,1,NA,-8.636089506136384e-9,414.9999999913639,env_outcome,0
96,3,6,5,97,6,T1,0,1,NA,1.6545741949043818e-9,415.0000000016546,env_outcome,0
97,3,2,5,90,1,control,0,0,NA,-6.527743956206324e-9,399.9999999934723,env_outcome,0
97,3,2,5,90,2,control,0,0,NA,1.452817282291484e-8,400.00000001452815,env_outcome,0
97,3,2,5,90,3,control,0,0,NA,-8.06482655703046e-9,399.99999999193517,env_outcome,0
97,3,2,5,90,4,control,0,0,NA,3.729115952087481e-9,400.0000000037291,env_outcome,0
97,3,2,5,90,5,control,0,0,NA,6.19850074568692e-9,400.0000000061985,env_outcome,0
97,3,2,5,90,6,control,0,0,NA,-7.57510160695849e-9,399.9999999924249,env_outcome,0
98,3,1,5,100,1,control,0,0,NA,8.51524681080421e-9,400.00000000851526,env_outcome,0
98,3,1,5,100,2,control,0,0,NA,-7.479299709163062e-9,399.9999999925207,env_outcome,0
98,3,1,5,100,3,control,0,0,NA,6.302398296539802e-9,400.0000000063024,env_outcome,0
98,3,1,5,100,4,control,0,0,NA,1.0966616331035524e-8,400.00000001096663,env_outcome,0
98,3,1,5,100,5,control,0,0,NA,-9.884429223832062e-9,399.99999999011555,env_outcome,0
98,3,1,5,100,6,control,0,0,NA,1.1079950409795975e-8,400.00000001108,env_outcome,0
99,1,2,2,92,1,T1,0,1,NA,-4.89532870967646e-9,414.99999999510464,env_outcome,0
99,1,2,2,92,2,T1,0,1,NA,2.943533884369681e-9,415.0000000029435,env_outcome,0
99,1,2,2,92,3,T1,0,1,NA,2.0183747228876957e-9,415.0000000020184,env_outcome,0
99,1,2,2,92,4,T1,0,1,NA,-4.271963863382019e-9,414.99999999572805,env_outcome,0
99,1,2,2,92,5,T1,0,1,NA,2.68102869997785e-9,415.000000002681,env_outcome,0
99,1,2,2,92,6,T1,0,1,NA,-1.2304309254238375e-8,414.9999999876957,env_outcome,0
100,3,6,2,83,1,T1,0,1,NA,-1.3613687211689596e-9,414.99999999863866,env_outcome,0
100,3,6,2,83,2,T1,0,1,NA,8.257908316651707e-9,415.0000000082579,env_outcome,0
100,3,6,2,83,3,T1,0,1,NA,-2.174124649229314e-8,414.99999997825876,env_outcome,0
100,3,6,2,83,4,T1,0,1,NA,-1.4879261873582547e-8,414.9999999851207,env_outcome,0
100,3,6,2,83,5,T1,0,1,NA,-1.1619375575969724e-8,414.99999998838064,env_outcome,0
100,3,6,2,83,6,T1,0,1,NA,-1.5890896941454297e-8,414.9999999841091,env_outcome,0
101,3,1,3,96,1,T1,0,1,NA,4.195830390865673e-9,415.00000000419584,env_outcome,0
101,3,1,3,96,2,T1,0,1,NA,-9.929283497560107e-9,414.9999999900707,env_outcome,0
101,3,1,3,96,3,T1,0,1,NA,-2.1645470853289732e-8,414.99999997835454,env_outcome,0
101,3,1,3,96,4,T1,0,1,NA,-6.375687650804497e-9,414.99999999362433,env_outcome,0
101,3,1,3,96,5,T1,0,1,NA,-3.906352514748059e-9,414.99999999609366,env_outcome,0
101,3,1,3,96,6,T1,0,1,NA,8.567854737781102e-9,415.00000000856784,env_outcome,0
102,3,2,5,109,1,T1,0,1,NA,-1.1037521354469528e-8,414.9999999889625,env_outcome,0
102,3,2,5,109,2,T1,0,1,NA,1.1612892557386955e-8,415.0000000116129,env_outcome,0
102,3,2,5,109,3,T1,0,1,NA,3.98362715628605e-9,415.00000000398364,env_outcome,0
102,3,2,5,109,4,T1,0,1,NA,3.6235215763554467e-9,415.00000000362354,env_outcome,0
102,3,2,5,109,5,T1,0,1,NA,-8.525256703145023e-9,414.99999999147474,env_outcome,0
102,3,2,5,109,6,T1,0,1,NA,1.953667879898038e-8,415.0000000195367,env_outcome,0
103,2,1,1,94,1,T1,0,1,NA,-1.6427083201501978e-9,414.9999999983573,env_outcome,0
103,2,1,1,94,2,T1,0,1,NA,-1.8248975841783334e-8,414.99999998175105,env_outcome,0
103,2,1,1,94,3,T1,0,1,NA,-2.0385647139249597e-9,414.9999999979614,env_outcome,0
103,2,1,1,94,4,T1,0,1,NA,-1.9344440707320506e-8,414.99999998065556,env_outcome,0
103,2,1,1,94,5,T1,0,1,NA,-3.105101157866735e-9,414.99999999689487,env_outcome,0
103,2,1,1,94,6,T1,0,1,NA,-4.2222700318961875e-9,414.9999999957777,env_outcome,0
104,3,3,2,106,1,T1,0,1,NA,6.818296900624952e-9,415.0000000068183,env_outcome,0
104,3,3,2,106,2,T1,0,1,NA,1.0094961857374911e-8,415.00000001009494,env_outcome,0
104,3,3,2,106,3,T1,0,1,NA,-7.261049649011545e-9,414.99999999273894,env_outcome,0
104,3,3,2,106,4,T1,0,1,NA,8.061088683750256e-9,415.0000000080611,env_outcome,0
104,3,3,2,106,5,T1,0,1,NA,1.4243231096687634e-8,415.00000001424326,env_outcome,0
104,3,3,2,106,6,T1,0,1,NA,-7.841440048426462e-9,414.99999999215856,env_outcome,0
105,1,6,2,84,1,T1,0,1,NA,-6.524043661731303e-9,414.99999999347597,env_outcome,0
105,1,6,2,84,2,T1,0,1,NA,6.50778363153682e-9,415.0000000065078,env_outcome,0
105,1,6,2,84,3,T1,0,1,NA,1.8304796994393541e-9,415.0000000018305,env_outcome,0
105,1,6,2,84,4,T1,0,1,NA,5.487749604442832e-9,415.0000000054878,env_outcome,0
105,1,6,2,84,5,T1,0,1,NA,1.4046842945475624e-8,415.00000001404686,env_outcome,0
105,1,6,2,84,6,T1,0,1,NA,3.870831195763954e-9,415.0000000038708,env_outcome,0
106,3,3,1,99,1,T1,0,1,NA,1.0517012696495226e-8,415.000000010517,env_outcome,0
106,3,3,1,99,2,T1,0,1,NA,6.229054623371943e-9,415.0000000062291,env_outcome,0
106,3,3,1,99,3,T1,0,1,NA,4.3362038980885465e-9,415.0000000043362,env_outcome,0
106,3,3,1,99,4,T1,0,1,NA,3.8608443818441216e-9,415.00000000386086,env_outcome,0
106,3,3,1,99,5,T1,0,1,NA,1.29132330445808e-8,415.00000001291323,env_outcome,0
106,3,3,1,99,6,T1,0,1,NA,-1.0022598737106546e-8,414.9999999899774,env_outcome,0
107,3,5,3,105,1,T1,0,1,NA,-1.1051827286049031e-8,414.99999998894816,env_outcome,0
107,3,5,3,105,2,T1,0,1,NA,5.919460033972092e-9,415.00000000591945,env_outcome,0
107,3,5,3,105,3,T1,0,1,NA,-1.1968966413311385e-9,414.9999999988031,env_outcome,0
107,3,5,3,105,4,T1,0,1,NA,7.400521168496045e-10,415.00000000074004,env_outcome,0
107,3,5,3,105,5,T1,0,1,NA,7.41277377171399e-9,415.0000000074128,env_outcome,0
107,3,5,3,105,6,T1,0,1,NA,7.532950478490762e-9,415.00000000753295,env_outcome,0
108,1,1,5,103,1,T1,0,1,NA,-2.626705032304424e-9,414.9999999973733,env_outcome,0
108,1,1,5,103,2,T1,0,1,NA,-3.125438689971024e-9,414.9999999968746,env_outcome,0
108,1,1,5,103,3,T1,0,1,NA,7.359860900786931e-10,415.000000000736,env_outcome,0
108,1,1,5,103,4,T1,0,1,NA,1.0630177892947442e-8,415.0000000106302,env_outcome,0
108,1,1,5,103,5,T1,0,1,NA,4.260204866790045e-9,415.0000000042602,env_outcome,0
108,1,1,5,103,6,T1,0,1,NA,1.4330075108231943e-8,415.00000001433006,env_outcome,0
109,3,2,3,101,1,T1,0,1,NA,-7.636870416153508e-11,414.99999999992366,env_outcome,0
109,3,2,3,101,2,T1,0,1,NA,1.1256676052207531e-8,415.0000000112567,env_outcome,0
109,3,2,3,101,3,T1,0,1,NA,8.830023110172466e-9,415.00000000883,env_outcome,0
109,3,2,3,101,4,T1,0,1,NA,6.120834609000705e-9,415.00000000612084,env_outcome,0
109,3,2,3,101,5,T1,0,1,NA,4.147007067784645e-9,415.000000004147,env_outcome,0
109,3,2,3,101,6,T1,0,1,NA,-2.7988239714251807e-9,414.9999999972012,env_outcome,0
110,3,2,3,94,1,control,0,0,NA,-1.0903750911471311e-9,399.99999999890963,env_outcome,0
110,3,2,3,94,2,control,0,0,NA,2.293954957084669e-9,400.000000002294,env_outcome,0
110,3,2,3,94,3,control,0,0,NA,4.888889067928617e-10,400.0000000004889,env_outcome,0
110,3,2,3,94,4,control,0,0,NA,9.432244683862206e-9,400.00000000943226,env_outcome,0
110,3,2,3,94,5,control,0,0,NA,-1.0931712318643116e-9,399.99999999890684,env_outcome,0
110,3,2,3,94,6,control,0,0,NA,-7.037692158782763e-10,399.9999999992962,env_outcome,0
111,2,4,2,92,1,control,0,0,NA,-4.843190873235051e-9,399.9999999951568,env_outcome,0
111,2,4,2,92,2,control,0,0,NA,-1.3833632854332842e-9,399.99999999861666,env_outcome,0
111,2,4,2,92,3,control,0,0,NA,-6.876564230384443e-10,399.99999999931237,env_outcome,0
111,2,4,2,92,4,control,0,0,NA,-2.313735773899415e-8,399.9999999768626,env_outcome,0
111,2,4,2,92,5,control,0,0,NA,-1.3648316972143173e-8,399.99999998635167,env_outcome,0
111,2,4,2,92,6,control,0,0,NA,-7.248690995195905e-10,399.99999999927513,env_outcome,0
112,3,2,1,90,1,T1,0,1,NA,-2.6528377473185694e-9,414.9999999973472,env_outcome,0
112,3,2,1,90,2,T1,0,1,NA,-1.2008693282074361e-8,414.9999999879913,env_outcome,0
112,3,2,1,90,3,T1,0,1,NA,-1.991538176043019e-8,414.9999999800846,env_outcome,0
112,3,2,1,90,4,T1,0,1,NA,-3.5436921991342675e-9,414.9999999964563,env_outcome,0
112,3,2,1,90,5,T1,0,1,NA,6.534957656942765e-9,415.00000000653495,env_outcome,0
112,3,2,1,90,6,T1,0,1,NA,1.773238631927565e-8,415.00000001773236,env_outcome,0
113,2,6,4,101,1,control,0,0,NA,-3.8456793690110046e-10,399.99999999961545,env_outcome,0
113,2,6,4,101,2,control,0,0,NA,1.4931848406277165e-8,400.00000001493186,env_outcome,0
113,2,6,4,101,3,control,0,0,NA,8.302215763596832e-10,400.0000000008302,env_outcome,0
113,2,6,4,101,4,control,0,0,NA,1.155321042595596e-9,400.00000000115534,env_outcome,0
113,2,6,4,101,5,control,0,0,NA,3.2482531334874666e-9,400.00000000324826,env_outcome,0
113,2,6,4,101,6,control,0,0,NA,-8.705772452609189e-9,399.9999999912942,env_outcome,0
114,3,6,1,91,1,control,0,0,NA,-5.17182128690243e-10,399.99999999948284,env_outcome,0
114,3,6,1,91,2,control,0,0,NA,9.084476987922508e-9,400.0000000090845,env_outcome,0
114,3,6,1,91,3,control,0,0,NA,-7.49725786852189e-9,399.99999999250275,env_outcome,0
114,3,6,1,91,4,control,0,0,NA,-3.216060698879608e-9,399.9999999967839,env_outcome,0
114,3,6,1,91,5,control,0,0,NA,-1.1477707504592544e-8,399.9999999885223,env_outcome,0
114,3,6,1,91,6,control,0,0,NA,3.5435219644935464e-9,400.0000000035435,env_outcome,0
115,1,5,2,95,1,T1,0,1,NA,4.247997821766223e-9,415.000000004248,env_outcome,0
115,1,5,2,95,2,T1,0,1,NA,6.4834735122408185e-9,415.00000000648345,env_outcome,0
115,1,5,2,95,3,T1,0,1,NA,-1.219810031516902e-8,414.9999999878019,env_outcome,0
115,1,5,2,95,4,T1,0,1,NA,1.0723503475476403e-9,415.00000000107235,env_outcome,0
115,1,5,2,95,5,T1,0,1,NA,-9.440576916498457e-9,414.99999999055944,env_outcome,0
115,1,5,2,95,6,T1,0,1,NA,-3.846487160235022e-12,414.99999999999613,env_outcome,0
116,1,5,2,97,1,control,0,0,NA,1.3426239193347679e-8,400.00000001342625,env_outcome,0
116,1,5,2,97,2,control,0,0,NA,-5.0352528693427555e-9,399.99999999496475,env_outcome,0
116,1,5,2,97,3,control,0,0,NA,7.1668332093882505e-9,400.0000000071668,env_outcome,0
116,1,5,2,97,4,control,0,0,NA,-7.496685840836952e-9,399.9999999925033,env_outcome,0
116,1,5,2,97,5,control,0,0,NA,-4.785282104503053e-9,399.9999999952147,env_outcome,0
116,1,5,2,97,6,control,0,0,NA,4.387217505866165e-9,400.00000000438723,env_outcome,0
117,2,1,4,118,1,control,0,0,NA,-6.791122701183116e-9,399.99999999320886,env_outcome,0
117,2,1,4,118,2,control,0,0,NA,-1.7029648351454353e-8,399.99999998297034,env_outcome,0
117,2,1,4,118,3,control,0,0,NA,1.26516843521333e-8,400.0000000126517,env_outcome,0
117,2,1,4,118,4,control,0,0,NA,3.6035723787984648e-9,400.0000000036036,env_outcome,0
117,2,1,4,118,5,control,0,0,NA,-5.836394405600896e-9,399.9999999941636,env_outcome,0
117,2,1,4,118,6,control,0,0,NA,-1.9940787873306008e-8,399.9999999800592,env_outcome,0
118,2,2,4,93,1,T1,0,1,NA,1.9022097704481998e-8,415.0000000190221,env_outcome,0
118,2,2,4,93,2,T1,0,1,NA,3.390370821271542e-8,415.0000000339037,env_outcome,0
118,2,2,4,93,3,T1,0,1,NA,2.0748040735545655e-9,415.0000000020748,env_outcome,0
118,2,2,4,93,4,T1,0,1,NA,8.498066475111891e-9,415.0000000084981,env_outcome,0
118,2,2,4,93,5,T1,0,1,NA,1.2245603120741604e-8,415.0000000122456,env_outcome,0
118,2,2,4,93,6,T1,0,1,NA,-7.0180443353860864e-9,414.99999999298194,env_outcome,0
119,1,6,3,102,1,T1,0,1,NA,-3.5119622938094203e-9,414.99999999648804,env_outcome,0
119,1,6,3,102,2,T1,0,1,NA,-1.727121036645196e-8,414.9999999827288,env_outcome,0
119,1,6,3,102,3,T1,0,1,NA,-7.365782322718721e-9,414.99999999263423,env_outcome,0
119,1,6,3,102,4,T1,0,1,NA,6.224097828861144e-9,415.00000000622407,env_outcome,0
119,1,6,3,102,5,T1,0,1,NA,-2.9071598924087043e-9,414.99999999709286,env_outcome,0
119,1,6,3,102,6,T1,0,1,NA,-2.1421153418307686e-9,414.9999999978579,env_outcome,0
120,1,3,2,101,1,T1,0,1,NA,-1.1255955144623633e-9,414.9999999988744,env_outcome,0
120,1,3,2,101,2,T1,0,1,NA,-1.8636669824956046e-8,414.9999999813633,env_outcome,0
120,1,3,2,101,3,T1,0,1,NA,8.376299342316705e-9,415.0000000083763,env_outcome,0
120,1,3,2,101,4,T1,0,1,NA,-1.443492888935421e-8,414.99999998556507,env_outcome,0
120,1,3,2,101,5,T1,0,1,NA,-2.0857016241564834e-9,414.9999999979143,env_outcome,0
120,1,3,2,101,6,T1,0,1,NA,-4.385634620588304e-9,414.99999999561436,env_outcome,0
121,2,3,4,90,1,T1,0,1,NA,-2.185938167469013e-9,414.9999999978141,env_outcome,0
121,2,3,4,90,2,T1,0,1,NA,1.4599659447357858e-8,415.00000001459966,env_outcome,0
121,2,3,4,90,3,T1,0,1,NA,-5.8205991791536946e-9,414.9999999941794,env_outcome,0
121,2,3,4,90,4,T1,0,1,NA,-7.830975957118963e-9,414.999999992169,env_outcome,0
121,2,3,4,90,5,T1,0,1,NA,-1.5196539949438452e-8,414.9999999848035,env_outcome,0
121,2,3,4,90,6,T1,0,1,NA,-8.056980816112492e-9,414.999999991943,env_outcome,0
122,2,6,2,99,1,T1,0,1,NA,-1.166184706784646e-8,414.9999999883382,env_outcome,0
122,2,6,2,99,2,T1,0,1,NA,4.079461962482959e-9,415.0000000040795,env_outcome,0
122,2,6,2,99,3,T1,0,1,NA,-8.630042460078767e-9,414.99999999137,env_outcome,0
122,2,6,2,99,4,T1,0,1,NA,3.04042035028136e-9,415.00000000304044,env_outcome,0
122,2,6,2,99,5,T1,0,1,NA,-1.4642748784792055e-9,414.9999999985357,env_outcome,0
122,2,6,2,99,6,T1,0,1,NA,-1.433562179910804e-8,414.9999999856644,env_outcome,0
123,1,4,2,114,1,T1,0,1,NA,-7.906077853273938e-9,414.99999999209393,env_outcome,0
123,1,4,2,114,2,T1,0,1,NA,8.851124550576773e-9,415.00000000885115,env_outcome,0
123,1,4,2,114,3,T1,0,1,NA,9.030760859545676e-9,415.00000000903077,env_outcome,0
123,1,4,2,114,4,T1,0,1,NA,2.0055732743006275e-8,415.0000000200557,env_outcome,0
123,1,4,2,114,5,T1,0,1,NA,-3.580308399780853e-11,414.9999999999642,env_outcome,0
123,1,4,2,114,6,T1,0,1,NA,-1.49582681398214e-8,414.9999999850417,env_outcome,0
124,1,5,2,105,1,control,0,0,NA,-7.684170266309509e-9,399.99999999231585,env_outcome,0
124,1,5,2,105,2,control,0,0,NA,4.084885048401485e-9,400.0000000040849,env_outcome,0
124,1,5,2,105,3,control,0,0,NA,1.900136334894722e-8,400.0000000190014,env_outcome,0
124,1,5,2,105,4,control,0,0,NA,1.1000912343972276e-9,400.0000000011001,env_outcome,0
124,1,5,2,105,5,control,0,0,NA,1.1403868251284695e-8,400.00000001140387,env_outcome,0
124,1,5,2,105,6,control,0,0,NA,7.680813046922612e-9,400.0000000076808,env_outcome,0
125,1,2,2,100,1,T1,0,1,NA,-1.1680916215332873e-8,414.9999999883191,env_outcome,0
125,1,2,2,100,2,T1,0,1,NA,-1.711126522648586e-9,414.9999999982889,env_outcome,0
125,1,2,2,100,3,T1,0,1,NA,1.305261536347683e-8,415.0000000130526,env_outcome,0
125,1,2,2,100,4,T1,0,1,NA,8.760961095959137e-9,415.00000000876094,env_outcome,0
125,1,2,2,100,5,T1,0,1,NA,4.637961415677977e-9,415.00000000463797,env_outcome,0
125,1,2,2,100,6,T1,0,1,NA,4.7711424537687905e-9,415.00000000477115,env_outcome,0
126,3,3,2,96,1,control,0,0,NA,-4.914052999636996e-9,399.99999999508594,env_outcome,0
126,3,3,2,96,2,control,0,0,NA,-1.319385313344202e-8,399.99999998680613,env_outcome,0
126,3,3,2,96,3,control,0,0,NA,1.2954257908313073e-8,400.0000000129543,env_outcome,0
126,3,3,2,96,4,control,0,0,NA,-1.4202194916669289e-8,399.9999999857978,env_outcome,0
126,3,3,2,96,5,control,0,0,NA,-9.388959197058298e-9,399.99999999061106,env_outcome,0
126,3,3,2,96,6,control,0,0,NA,6.289649925198404e-9,400.00000000628967,env_outcome,0
127,2,2,5,79,1,T1,0,1,NA,-1.2621945487585038e-8,414.99999998737803,env_outcome,0
127,2,2,5,79,2,T1,0,1,NA,-5.5187041327279176e-9,414.9999999944813,env_outcome,0
127,2,2,5,79,3,T1,0,1,NA,-1.1827995067824777e-8,414.999999988172,env_outcome,0
127,2,2,5,79,4,T1,0,1,NA,6.2066355772895026e-9,415.0000000062066,env_outcome,0
127,2,2,5,79,5,T1,0,1,NA,4.463130166380956e-9,415.0000000044631,env_outcome,0
127,2,2,5,79,6,T1,0,1,NA,4.218846932736879e-9,415.00000000421886,env_outcome,0
128,3,5,3,111,1,T1,0,1,NA,4.4246477192440436e-9,415.00000000442463,env_outcome,0
128,3,5,3,111,2,T1,0,1,NA,5.57245746378939e-9,415.0000000055725,env_outcome,0
128,3,5,3,111,3,T1,0,1,NA,6.3935649197051705e-9,415.0000000063936,env_outcome,0
128,3,5,3,111,4,T1,0,1,NA,-1.968661556674222e-8,414.99999998031336,env_outcome,0
128,3,5,3,111,5,T1,0,1,NA,-1.4881636135986791e-9,414.99999999851184,env_outcome,0
128,3,5,3,111,6,T1,0,1,NA,1.1246381255190068e-9,415.00000000112465,env_outcome,0
129,3,5,1,85,1,control,0,0,NA,7.246762022854214e-9,400.00000000724674,env_outcome,0
129,3,5,1,85,2,control,0,0,NA,-1.187486076005285e-8,399.9999999881251,env_outcome,0
129,3,5,1,85,3,control,0,0,NA,-4.99600189815913e-9,399.999999995004,env_outcome,0
129,3,5,1,85,4,control,0,0,NA,-1.0736429907511585e-8,399.9999999892636,env_outcome,0
129,3,5,1,85,5,control,0,0,NA,1.05724021270968e-8,400.0000000105724,env_outcome,0
129,3,5,1,85,6,control,0,0,NA,1.2790725832093338e-8,400.00000001279074,env_outcome,0
130,2,3,2,107,1,control,0,0,NA,7.876767249653943e-9,400.0000000078768,env_outcome,0
130,2,3,2,107,2,control,0,0,NA,-1.2224033825769909e-8,399.999999987776,env_outcome,0
130,2,3,2,107,3,control,0,0,NA,4.519521167366538e-9,400.0000000045195,env_outcome,0
130,2,3,2,107,4,control,0,0,NA,1.1504491863809165e-8,400.0000000115045,env_outcome,0
130,2,3,2,107,5,control,0,0,NA,1.679409807364591e-9,400.0000000016794,env_outcome,0
130,2,3,2,107,6,control,0,0,NA,-5.6610933289596985e-9,399.9999999943389,env_outcome,0
